cnty,GEOID,w_as_ln,w_ba_ln,w_cd_ln,w_cr_ln,w_cn_ln,w_fl_ln,w_hg_ln,w_no3_ln,w_no2_ln,w_se_ln,w_sb_ln,w_endrin_ln,w_methoxychlor_ln,w_dalapon_ln,w_deha_ln,w_simazine_ln,w_dehp_ln,w_picloram_ln,w_dinoseb_ln,w_atrazine_ln,w_24d_ln,w_benzoap_ln,w_pcp_ln,w_pcb_ln,w_dbcp_ln,w_edb_ln,w_xylenes_ln,w_chlordane_ln,w_dcm_ln,w_pdcb_ln,w_111trichlorane_ln,w_trichlorene_ln,w_c2cl4_ln,w_benzene_ln,w_toluene_ln,w_ethylbenz_ln,w_stryene_ln,w_dce_ln,tot_pop,pop_abv_50y
Blaine,31009,-6.907755,-6.907755,-6.907755,-6.907755,-2.97593,-6.907755,-6.907755,-6.907755,-6.907755,-6.907755,-6.214608,-6.907755,-6.907755,-6.907755,-6.907755,-6.907755,-6.907755,-6.907755,-6.907755,-6.907755,-6.907755,-6.907755,-6.907755,-6.907755,-3.863233,-0.6911492,-0.6911492,-6.907755,-0.6911492,-0.6911492,-0.6911492,-0.6911492,-0.6911492,-0.6911492,-0.6911492,-0.6911492,-0.6911492,-0.6911492,478,201
Banner,31007,-6.907755,-6.907755,-6.907755,-6.907755,-2.97593,-6.907755,-6.907755,-6.907755,-6.907755,-6.907755,-6.214608,-6.907755,-6.907755,-6.907755,-6.907755,-6.907755,-6.907755,-6.907755,-6.907755,-6.907755,-6.907755,-6.907755,-6.907755,-6.907755,-4.135167,-1.362578,-0.6911492,-6.907755,-0.6911492,-0.6911492,-0.6911492,-0.6911492,-0.6911492,-0.6911492,-0.6911492,-0.6911492,-0.6911492,-0.6911492,690,322
Banner,31007,-6.907755279,-4.605170186,-6.907755279,-6.907755279,-2.975929646,-3.912023005,-6.907755279,-4.605170186,-4.605170186,-6.907755279,-6.214608098,-4.605170186,-4.605170186,-2.525728644,-2.813410717,-2.995732274,-2.525728644,-3.218875825,-2.525728644,-3.506557897,-2.407945609,-4.605170186,-4.605170186,-2.813410717,-3.688879454,-1.30933332,-0.510825624,-3.912023005,-0.510825624,-0.653926467,-0.673344553,-0.653926467,-0.673344553,-0.494296322,-0.562118918,-2.995732274,-0.510825624,-0.653926467,690,322
Blaine,31009,-6.907755279,-4.605170186,-6.907755279,-6.907755279,-2.975929646,-3.912023005,-6.907755279,-4.605170186,-4.605170186,-6.907755279,-6.214608098,-4.605170186,-4.605170186,-2.525728644,-2.813410717,-2.995732274,-2.525728644,-3.218875825,-2.525728644,-3.506557897,-2.407945609,-4.605170186,-4.605170186,-2.813410717,-3.506557897,-0.673344553,-0.510825624,-3.912023005,-0.510825624,-0.653926467,-0.673344553,-0.653926467,-0.673344553,-0.494296322,-0.562118918,-2.995732274,-0.510825624,-0.653926467,478,201
Keya Paha,31103,-6.907755,-6.907755,-6.907755,-6.907755,-2.97593,-6.907755,-6.907755,-6.907755,-6.907755,-6.907755,-6.214608,-6.907755,-6.907755,-6.907755,-6.907755,-6.907755,-6.907755,-6.907755,-6.907755,-6.907755,-6.907755,-6.907755,-6.907755,-6.907755,-6.907755,-6.907755,-6.907755,-6.907755,-6.907755,-6.907755,-6.907755,-6.907755,-6.907755,-6.907755,-6.907755,-6.907755,-6.907755,-6.907755,824,426
Keya Paha,31103,-6.907755279,-4.605170186,-6.907755279,-6.907755279,-6.907755279,-3.912023005,-6.907755279,-4.605170186,-4.605170186,-6.907755279,-6.907755279,-4.605170186,-4.605170186,-2.525728644,-2.813410717,-2.995732274,-2.525728644,-3.218875825,-2.525728644,-3.506557897,-2.407945609,-4.605170186,-4.605170186,-2.813410717,-4.605170186,-4.605170186,-2.302585093,-3.912023005,-2.302585093,-3.912023005,-4.605170186,-3.912023005,-4.605170186,-2.207274913,-2.659260037,-2.995732274,-2.302585093,-3.912023005,824,426
Loup,31115,-6.907755,-6.907755,-6.907755,-6.907755,-2.97593,-6.907755,-6.907755,-6.907755,-6.907755,-6.907755,-6.214608,-6.907755,-6.907755,-6.907755,-6.907755,-6.907755,-6.907755,-6.907755,-6.907755,-6.907755,-6.907755,-6.907755,-6.907755,-6.907755,-3.863233,-0.6911492,-0.6911492,-6.907755,-0.6911492,-0.6911492,-0.6911492,-0.6911492,-0.6911492,-0.6911492,-0.6911492,-0.6911492,-0.6911492,-0.6911492,632,300
Loup,31115,-6.907755279,-4.605170186,-6.907755279,-6.907755279,-2.975929646,-3.912023005,-6.907755279,-4.605170186,-4.605170186,-6.907755279,-6.214608098,-4.605170186,-4.605170186,-2.525728644,-2.813410717,-2.995732274,-2.525728644,-3.218875825,-2.525728644,-3.506557897,-2.407945609,-4.605170186,-4.605170186,-2.813410717,-3.506557897,-0.673344553,-0.510825624,-3.912023005,-0.510825624,-0.653926467,-0.673344553,-0.653926467,-0.673344553,-0.494296322,-0.562118918,-2.995732274,-0.510825624,-0.653926467,632,300
Hayes,31085,-6.907755,-6.907755,-6.907755,-6.907755,-2.97593,-6.907755,-6.907755,-6.907755,-6.907755,-6.907755,-6.214608,-2.292635,-2.292635,-6.907755,-0.6911492,-2.292635,0.693647,-6.907755,-6.907755,-2.513306,-6.907755,-2.796881,-6.907755,-6.907755,-3.863233,-0.6911492,-0.6911492,-1.60445,-0.6911492,-0.6911492,-0.6911492,-0.6911492,-0.6911492,-0.6911492,-0.6911492,-0.6911492,-0.6911492,-0.6911492,967,446
Madison,31119,-4.710530702,-1.714798428,-6.214608098,-5.11599581,-2.975929646,-0.415515444,-6.214608098,-4.605170186,-4.605170186,-4.135166557,-6.214608098,-4.605170186,-4.605170186,0.732367894,-2.813410717,-2.995732274,-2.525728644,0.932164081,0.732367894,-3.506557897,-1.660731207,-4.605170186,-1.560647748,-2.813410717,-3.540459449,-0.798507696,0.470003629,-3.912023005,-0.527632742,-0.693147181,-0.713349888,-0.693147181,-0.693147181,-0.527632742,-0.597837001,-2.995732274,-0.544727175,-0.274436846,539,11945
Sioux,31165,-6.907755,-6.907755,-6.907755,-6.907755,-2.97593,-6.907755,-6.907755,-6.907755,-6.907755,-6.907755,-6.214608,-6.907755,-6.907755,-6.907755,-6.907755,-6.907755,-6.907755,-6.907755,-6.907755,-6.907755,-6.907755,-6.907755,-6.907755,-6.907755,-6.907755,-6.907755,-6.907755,-6.907755,-6.907755,-6.907755,-6.907755,-6.907755,-6.907755,-6.907755,-6.907755,-6.907755,-6.907755,-6.907755,1311,599
Hayes,31085,-6.907755279,-4.605170186,-6.907755279,-6.907755279,-2.975929646,-3.912023005,-6.907755279,-4.605170186,-4.605170186,-6.907755279,-6.214608098,-2.207274913,-2.207274913,-2.525728644,-0.579818495,-1.897119985,0.732367894,-3.218875825,-2.525728644,-2.207274913,-2.407945609,-2.659260037,-4.605170186,-2.813410717,-3.506557897,-0.673344553,-0.510825624,-1.514127733,-0.510825624,-0.653926467,-0.673344553,-0.653926467,-0.673344553,-0.494296322,-0.562118918,-2.995732274,-0.510825624,-0.653926467,967,446
Sioux,31165,-6.907755279,-4.605170186,-6.907755279,-6.907755279,-6.907755279,-3.912023005,-6.907755279,-4.605170186,-4.605170186,-6.907755279,-6.907755279,-4.605170186,-4.605170186,-2.525728644,-2.813410717,-2.995732274,-2.525728644,-3.218875825,-2.525728644,-3.506557897,-2.407945609,-4.605170186,-4.605170186,-2.813410717,-4.605170186,-4.605170186,-2.302585093,-3.912023005,-2.302585093,-3.912023005,-4.605170186,-3.912023005,-4.605170186,-2.207274913,-2.659260037,-2.995732274,-2.302585093,-3.912023005,1311,599
Madison,31119,-4.691818,-1.78082,-6.214608,-5.097011,-2.97593,-0.4519018,-6.214608,-6.907755,-6.907755,-4.154095,-6.214608,-6.907755,-6.907755,0.693647,-6.907755,-6.907755,-6.907755,0.9166906,0.693647,-6.907755,-2.292635,-6.907755,-1.60445,-6.907755,-3.908083,-0.8292081,0.4079805,-6.907755,-0.7101803,-0.731888,-0.728429,-0.731888,-0.7169846,-0.7330437,-0.731888,-0.7204042,-0.728429,-0.3001296,539,11945
Thomas,31171,-6.907755,-6.907755,-6.907755,-6.907755,-2.97593,-6.907755,-6.907755,-6.907755,-6.907755,-6.907755,-6.214608,-6.907755,-6.907755,-6.907755,-6.907755,-6.907755,-6.907755,-6.907755,-6.907755,-6.907755,-6.907755,-6.907755,-6.907755,-6.907755,-3.863233,-0.6911492,-0.6911492,-6.907755,-0.6911492,-0.6911492,-0.6911492,-0.6911492,-0.6911492,-0.6911492,-0.6911492,-0.6911492,-0.6911492,-0.6911492,647,299
Thomas,31171,-6.907755279,-4.605170186,-6.907755279,-6.907755279,-2.975929646,-3.912023005,-6.907755279,-4.605170186,-4.605170186,-6.907755279,-6.214608098,-4.605170186,-4.605170186,-2.525728644,-2.813410717,-2.995732274,-2.525728644,-3.218875825,-2.525728644,-3.506557897,-2.407945609,-4.605170186,-4.605170186,-2.813410717,-3.506557897,-0.673344553,-0.510825624,-3.912023005,-0.510825624,-0.653926467,-0.673344553,-0.653926467,-0.673344553,-0.494296322,-0.562118918,-2.995732274,-0.510825624,-0.653926467,647,299
Arthur,31005,-5.809143,-4.50986,-6.214608,-6.214608,-6.907755,-1.60445,-6.214608,-6.907755,-6.907755,-5.115996,-6.907755,-6.907755,-6.907755,-6.907755,-6.907755,-6.907755,-6.907755,-6.907755,-6.907755,-6.907755,-6.907755,-6.907755,-6.907755,-6.907755,-3.863233,-0.6911492,-0.6911492,-6.907755,-0.6911492,-0.6911492,-0.6911492,-0.6911492,-0.6911492,-0.6911492,-0.6911492,-0.6911492,-0.6911492,-0.6911492,460,187
Arthur,31005,-5.80914299,-3.912023005,-6.214608098,-6.214608098,-6.907755279,-1.514127733,-6.214608098,-4.605170186,-4.605170186,-5.11599581,-6.907755279,-4.605170186,-4.605170186,-2.525728644,-2.813410717,-2.995732274,-2.525728644,-3.218875825,-2.525728644,-3.506557897,-2.407945609,-4.605170186,-4.605170186,-2.813410717,-3.506557897,-0.673344553,-0.510825624,-3.912023005,-0.510825624,-0.653926467,-0.673344553,-0.653926467,-0.673344553,-0.494296322,-0.562118918,-2.995732274,-0.510825624,-0.653926467,460,187
Logan,31113,-6.907755279,-4.605170186,-6.907755279,-6.907755279,-2.975929646,-3.912023005,-6.907755279,-4.605170186,-4.605170186,-6.907755279,-6.214608098,-4.605170186,-4.605170186,-2.525728644,-2.813410717,-2.995732274,-2.525728644,-3.218875825,-2.525728644,-3.506557897,-2.407945609,-4.605170186,-4.605170186,-2.813410717,-3.506557897,-0.673344553,-0.510825624,-3.912023005,-0.510825624,-0.653926467,-0.673344553,-0.653926467,-0.673344553,-0.494296322,-0.562118918,-2.995732274,-0.510825624,-0.653926467,763,318
Grant,31075,-6.907755,-6.907755,-6.907755,-6.907755,-2.97593,-6.907755,-6.907755,-6.907755,-6.907755,-6.907755,-6.214608,-6.907755,-6.907755,-6.907755,-6.907755,-6.907755,-6.907755,-6.907755,-6.907755,-6.907755,-6.907755,-6.907755,-6.907755,-6.907755,-3.863233,-0.6911492,-0.6911492,-6.907755,-0.6911492,-0.6911492,-0.6911492,-0.6911492,-0.6911492,-0.6911492,-0.6911492,-0.6911492,-0.6911492,-0.6911492,614,279
Logan,31113,-6.907755,-6.907755,-6.907755,-6.907755,-2.97593,-6.907755,-6.907755,-6.907755,-6.907755,-6.907755,-6.214608,-6.907755,-6.907755,-6.907755,-6.907755,-6.907755,-6.907755,-6.907755,-6.907755,-6.907755,-6.907755,-6.907755,-6.907755,-6.907755,-3.863233,-0.6911492,-0.6911492,-6.907755,-0.6911492,-0.6911492,-0.6911492,-0.6911492,-0.6911492,-0.6911492,-0.6911492,-0.6911492,-0.6911492,-0.6911492,763,318
Grant,31075,-6.907755279,-4.605170186,-6.907755279,-6.907755279,-2.975929646,-3.912023005,-6.907755279,-4.605170186,-4.605170186,-6.907755279,-6.214608098,-4.605170186,-4.605170186,-2.525728644,-2.813410717,-2.995732274,-2.525728644,-3.218875825,-2.525728644,-3.506557897,-2.407945609,-4.605170186,-4.605170186,-2.813410717,-3.506557897,-0.673344553,-0.510825624,-3.912023005,-0.510825624,-0.653926467,-0.673344553,-0.653926467,-0.673344553,-0.494296322,-0.562118918,-2.995732274,-0.510825624,-0.653926467,614,279
Deuel,31049,-5.11599581,-2.525728644,-6.214608098,-6.214608098,-2.975929646,-0.616186139,-6.214608098,-4.605170186,-4.605170186,-5.11599581,-6.214608098,-2.207274913,-2.207274913,-2.525728644,-0.579818495,-1.897119985,0.737164066,-3.218875825,-2.525728644,-2.207274913,-2.407945609,-2.659260037,-4.605170186,-2.813410717,-3.506557897,-0.673344553,-0.510825624,-1.514127733,-0.510825624,-0.653926467,-0.673344553,-0.653926467,-0.673344553,-0.494296322,-0.562118918,-2.995732274,-0.510825624,-0.653926467,1941,914
Deuel,31049,-5.077577,-2.583623,-6.214608,-6.214608,-2.97593,-0.6472182,-6.214608,-6.907755,-6.907755,-5.049896,-6.214608,-2.292635,-2.292635,-6.907755,-0.6911492,-2.292635,0.6986321,-6.907755,-6.907755,-2.513306,-6.907755,-2.796881,-6.907755,-6.907755,-3.863233,-0.6911492,-0.6911492,-1.60445,-0.6911492,-0.6911492,-0.6911492,-0.6911492,-0.6911492,-0.6911492,-0.6911492,-0.6911492,-0.6911492,-0.6911492,1941,914
Wheeler,31183,-6.907755279,-4.605170186,-6.907755279,-6.907755279,-2.975929646,-3.912023005,-6.907755279,-4.605170186,-4.605170186,-6.907755279,-6.214608098,-4.605170186,-4.605170186,-2.525728644,-2.813410717,-2.995732274,-2.525728644,-3.218875825,-2.525728644,-3.506557897,-2.407945609,-4.605170186,-4.605170186,-2.813410717,-3.506557897,-0.673344553,-0.510825624,-3.912023005,-0.510825624,-0.653926467,-0.673344553,-0.653926467,-0.673344553,-0.494296322,-0.562118918,-2.995732274,-0.510825624,-0.653926467,818,359
Wheeler,31183,-6.907755,-6.907755,-6.907755,-6.907755,-2.97593,-6.907755,-6.907755,-6.907755,-6.907755,-6.907755,-6.214608,-6.907755,-6.907755,-6.907755,-6.907755,-6.907755,-6.907755,-6.907755,-6.907755,-6.907755,-6.907755,-6.907755,-6.907755,-6.907755,-3.863233,-0.6911492,-0.6911492,-6.907755,-0.6911492,-0.6911492,-0.6911492,-0.6911492,-0.6911492,-0.6911492,-0.6911492,-0.6911492,-0.6911492,-0.6911492,818,359
Dundy,31057,-6.907755,-6.907755,-6.907755,-6.907755,-2.97593,-6.907755,-6.907755,-6.907755,-6.907755,-6.907755,-6.214608,-6.907755,-6.907755,0.693647,-6.907755,-6.907755,-6.907755,0.9166906,0.693647,-6.907755,-2.292635,-6.907755,-1.60445,-6.907755,-3.989985,-1.251763,-0.8810845,-6.907755,-0.8111802,-0.9649559,-0.9390477,-0.9649559,-0.857236,-0.9737433,-0.9649559,-0.8810845,-0.9390477,-0.9737433,2008,934
Dundy,31057,-6.907755279,-4.605170186,-6.907755279,-6.907755279,-2.975929646,-3.912023005,-6.907755279,-4.605170186,-4.605170186,-6.907755279,-6.214608098,-4.605170186,-4.605170186,0.732367894,-2.813410717,-2.995732274,-2.525728644,0.932164081,0.732367894,-3.506557897,-1.660731207,-4.605170186,-1.560647748,-2.813410717,-3.575550769,-1.203972804,-0.673344553,-3.912023005,-0.616186139,-0.916290732,-0.916290732,-0.916290732,-0.84397007,-0.713349888,-0.798507696,-2.995732274,-0.713349888,-0.916290732,2008,934
Hooker,31091,-6.907755,-6.907755,-6.907755,-6.907755,-6.907755,-6.907755,-6.907755,-6.907755,-6.907755,-6.907755,-6.907755,-6.907755,-6.907755,-6.907755,-6.907755,-6.907755,-6.907755,-6.907755,-6.907755,-6.907755,-6.907755,-6.907755,-6.907755,-6.907755,-3.863233,-0.6911492,-0.6911492,-6.907755,-0.6911492,-0.6911492,-0.6911492,-0.6911492,-0.6911492,-0.6911492,-0.6911492,-0.6911492,-0.6911492,-0.6911492,736,369
Hooker,31091,-6.907755279,-4.605170186,-6.907755279,-6.907755279,-6.907755279,-3.912023005,-6.907755279,-4.605170186,-4.605170186,-6.907755279,-6.907755279,-4.605170186,-4.605170186,-2.525728644,-2.813410717,-2.995732274,-2.525728644,-3.218875825,-2.525728644,-3.506557897,-2.407945609,-4.605170186,-4.605170186,-2.813410717,-3.506557897,-0.673344553,-0.510825624,-3.912023005,-0.510825624,-0.653926467,-0.673344553,-0.653926467,-0.673344553,-0.494296322,-0.562118918,-2.995732274,-0.510825624,-0.653926467,736,369
Frontier,31063,-6.907755,-6.907755,-6.907755,-6.907755,-2.97593,-6.907755,-6.907755,-6.907755,-6.907755,-6.907755,-6.214608,-2.292635,-2.292635,0.693647,-0.6911492,-2.292635,0.693647,0.9166906,0.693647,-2.513306,-2.292635,-2.796881,-1.60445,-6.907755,-3.903724,-0.7761666,-0.6911492,-1.60445,-0.6911492,-0.6911492,-0.6911492,-0.6911492,-0.6911492,-0.6911492,-0.6911492,-0.6911492,-0.6911492,-0.6911492,2756,1146
Frontier,31063,-6.907755279,-4.605170186,-6.907755279,-6.907755279,-2.975929646,-3.912023005,-6.907755279,-4.605170186,-4.605170186,-6.907755279,-6.214608098,-2.207274913,-2.207274913,0.732367894,-0.579818495,-1.897119985,0.732367894,0.932164081,0.732367894,-2.207274913,-1.660731207,-2.659260037,-1.560647748,-2.813410717,-3.540459449,-0.755022584,-0.510825624,-1.514127733,-0.510825624,-0.653926467,-0.673344553,-0.653926467,-0.673344553,-0.494296322,-0.562118918,-2.995732274,-0.510825624,-0.653926467,2756,1146
Greeley,31077,-6.907755279,-4.605170186,-6.907755279,-6.907755279,-2.975929646,-3.912023005,-6.907755279,-4.605170186,-4.605170186,-6.907755279,-6.214608098,-4.605170186,-4.605170186,-2.525728644,-2.813410717,-2.995732274,-2.525728644,-3.218875825,-2.525728644,-3.506557897,-2.407945609,-4.605170186,-4.605170186,-2.813410717,-3.506557897,-0.673344553,-0.510825624,-3.912023005,-0.510825624,-0.653926467,-0.673344553,-0.653926467,-0.673344553,-0.494296322,-0.562118918,-2.995732274,-0.510825624,-0.653926467,2538,1123
Greeley,31077,-6.907755,-6.907755,-6.907755,-6.907755,-2.97593,-6.907755,-6.907755,-6.907755,-6.907755,-6.907755,-6.214608,-6.907755,-6.907755,-6.907755,-6.907755,-6.907755,-6.907755,-6.907755,-6.907755,-6.907755,-6.907755,-6.907755,-6.907755,-6.907755,-3.863233,-0.6911492,-0.6911492,-6.907755,-0.6911492,-0.6911492,-0.6911492,-0.6911492,-0.6911492,-0.6911492,-0.6911492,-0.6911492,-0.6911492,-0.6911492,2538,1123
Garfield,31071,-6.907755279,-4.605170186,-6.907755279,-6.907755279,-6.907755279,-3.912023005,-6.907755279,-4.605170186,-4.605170186,-6.907755279,-6.907755279,-2.207274913,-2.207274913,-2.525728644,-0.579818495,-1.897119985,0.732367894,-3.218875825,-2.525728644,-2.207274913,-2.407945609,-2.659260037,-4.605170186,-2.813410717,-3.506557897,-0.673344553,-0.510825624,-1.514127733,-0.510825624,-0.653926467,-0.673344553,-0.653926467,-0.673344553,-0.494296322,-0.562118918,-2.995732274,-0.510825624,-0.653926467,2049,1033
Garfield,31071,-6.907755,-6.907755,-6.907755,-6.907755,-6.907755,-6.907755,-6.907755,-6.907755,-6.907755,-6.907755,-6.907755,-2.292635,-2.292635,-6.907755,-0.6911492,-2.292635,0.693647,-6.907755,-6.907755,-2.513306,-6.907755,-2.796881,-6.907755,-6.907755,-3.863233,-0.6911492,-0.6911492,-1.60445,-0.6911492,-0.6911492,-0.6911492,-0.6911492,-0.6911492,-0.6911492,-0.6911492,-0.6911492,-0.6911492,-0.6911492,2049,1033
Chase,31029,-6.907755,-6.907755,-6.907755,-6.907755,-6.907755,-6.907755,-6.907755,-6.907755,-6.907755,-6.907755,-6.907755,-2.292635,-2.292635,-6.907755,-0.6911492,-2.292635,0.693647,-6.907755,-6.907755,-2.513306,-6.907755,-2.796881,-6.907755,-6.907755,-4.170506,-1.475004,-0.6911492,-1.60445,-0.6911492,-0.6911492,-0.6911492,-0.6911492,-0.6911492,-0.6911492,-0.6911492,-0.6911492,-0.6911492,-0.6911492,3966,1667
Chase,31029,-6.907755279,-4.605170186,-6.907755279,-6.907755279,-6.907755279,-3.912023005,-6.907755279,-4.605170186,-4.605170186,-6.907755279,-6.907755279,-2.207274913,-2.207274913,-2.525728644,-0.579818495,-1.897119985,0.732367894,-3.218875825,-2.525728644,-2.207274913,-2.407945609,-2.659260037,-4.605170186,-2.813410717,-3.729701449,-1.427116356,-0.510825624,-1.514127733,-0.510825624,-0.653926467,-0.673344553,-0.653926467,-0.673344553,-0.494296322,-0.562118918,-2.995732274,-0.510825624,-0.653926467,3966,1667
Garden,31069,-5.022202,-1.343235,-6.214608,-6.142287,-2.97593,-1.075873,-6.214608,-6.907755,-6.907755,-5.115996,-6.214608,-6.907755,-6.907755,0.693647,-6.907755,-6.907755,-6.907755,0.9166906,0.693647,-6.907755,-2.292635,-6.907755,-1.60445,-6.907755,-3.863233,-1.152013,-0.9915532,-6.907755,-0.87707,-1.136314,-1.090644,-1.136314,-0.9519179,-1.152013,-1.136314,-0.9915532,-1.090644,-1.152013,2057,1017
Garden,31069,-4.96184513,-1.30933332,-6.214608098,-6.214608098,-2.975929646,-1.021651248,-6.214608098,-4.605170186,-4.605170186,-5.11599581,-6.214608098,-4.605170186,-4.605170186,0.732367894,-2.813410717,-2.995732274,-2.525728644,0.932164081,0.732367894,-3.506557897,-1.660731207,-4.605170186,-1.560647748,-2.813410717,-3.506557897,-1.108662625,-0.755022584,-3.912023005,-0.653926467,-1.078809661,-1.049822124,-1.078809661,-0.916290732,-0.84397007,-0.94160854,-2.995732274,-0.820980552,-1.078809661,2057,1017
Rock,31149,-6.907755,-6.907755,-6.907755,-6.907755,-2.97593,-0.0157907,-6.907755,-6.907755,-6.907755,-6.907755,-6.214608,-6.907755,-6.907755,-6.907755,-6.907755,-6.907755,-6.907755,-6.907755,-6.907755,-6.907755,-6.907755,-6.907755,-6.907755,-6.907755,-3.863233,-0.6911492,-0.6911492,-6.907755,-0.6911492,-0.6911492,-0.6911492,-0.6911492,-0.6911492,-0.6911492,-0.6911492,-0.6911492,-0.6911492,-0.6911492,1526,759
Rock,31149,-6.907755279,-4.605170186,-6.907755279,-6.907755279,-2.975929646,0,-6.907755279,-4.605170186,-4.605170186,-6.907755279,-6.214608098,-4.605170186,-4.605170186,-2.525728644,-2.813410717,-2.995732274,-2.525728644,-3.218875825,-2.525728644,-3.506557897,-2.407945609,-4.605170186,-4.605170186,-2.813410717,-3.506557897,-0.673344553,-0.510825624,-3.912023005,-0.510825624,-0.653926467,-0.673344553,-0.653926467,-0.673344553,-0.494296322,-0.562118918,-2.995732274,-0.510825624,-0.653926467,1526,759
Boyd,31015,-6.907755,-6.907755,-6.907755,-6.907755,-2.97593,-6.907755,-6.907755,-6.907755,-6.907755,-6.907755,-6.214608,-6.907755,-6.907755,-6.907755,-6.907755,-6.907755,-6.907755,-6.907755,-6.907755,-6.907755,-6.907755,-6.907755,-6.907755,-6.907755,-3.893447,-0.8046376,-0.735359,-6.907755,-0.7198334,-0.7528972,-0.7476034,-0.7528972,-0.730157,-0.7546681,-0.7528972,-0.735359,-0.7476034,-0.7546681,2099,1056
Boyd,31015,-6.907755279,-4.605170186,-6.907755279,-6.907755279,-2.975929646,-3.912023005,-6.907755279,-4.605170186,-4.605170186,-6.907755279,-6.214608098,-4.605170186,-4.605170186,-2.525728644,-2.813410717,-2.995732274,-2.525728644,-3.218875825,-2.525728644,-3.506557897,-2.407945609,-4.605170186,-4.605170186,-2.813410717,-3.540459449,-0.776528789,-0.544727175,-3.912023005,-0.527632742,-0.713349888,-0.733969175,-0.713349888,-0.713349888,-0.544727175,-0.616186139,-2.995732274,-0.562118918,-0.713349888,2099,1056
Perkins,31135,-6.907755279,-4.605170186,-6.907755279,-6.907755279,-2.975929646,-3.912023005,-6.907755279,-4.605170186,-4.605170186,-6.907755279,-6.214608098,-4.605170186,-4.605170186,-2.525728644,-2.813410717,-2.995732274,-2.525728644,-3.218875825,-2.525728644,-3.506557897,-2.407945609,-4.605170186,-4.605170186,-2.813410717,-3.506557897,-0.798507696,-0.579818495,-3.912023005,-0.562118918,-0.776528789,-0.776528789,-0.776528789,-0.755022584,-0.597837001,-0.673344553,-2.995732274,-0.597837001,-0.776528789,2970,1255
Perkins,31135,-6.907755,-6.907755,-6.907755,-6.907755,-2.97593,-6.907755,-6.907755,-6.907755,-6.907755,-6.907755,-6.214608,-6.907755,-6.907755,-6.907755,-6.907755,-6.907755,-6.907755,-6.907755,-6.907755,-6.907755,-6.907755,-6.907755,-6.907755,-6.907755,-3.863233,-0.8224968,-0.7816142,-6.907755,-0.7493649,-0.8187104,-0.8074363,-0.8187104,-0.7707484,-0.8224968,-0.8187104,-0.7816142,-0.8074363,-0.8224968,2970,1255
Kimball,31105,-5.298317367,-2.407945609,-6.214608098,-6.214608098,-2.975929646,-0.693147181,-6.214608098,-4.605170186,-4.605170186,-5.11599581,-6.214608098,-2.207274913,-2.207274913,-2.525728644,-0.579818495,-1.897119985,0.732367894,-3.218875825,-2.525728644,-2.207274913,-2.407945609,-2.659260037,-4.605170186,-2.813410717,-3.540459449,-0.798507696,-0.510825624,-1.514127733,-0.510825624,-0.653926467,-0.673344553,-0.653926467,-0.673344553,-0.494296322,-0.562118918,-2.995732274,-0.510825624,-0.653926467,3821,1691
Kimball,31105,-5.351718,-2.49012,-6.214608,-6.214608,-2.97593,-0.731888,-6.214608,-6.907755,-6.907755,-5.115996,-6.214608,-2.292635,-2.292635,-6.907755,-0.6911492,-2.292635,0.693647,-6.907755,-6.907755,-2.513306,-6.907755,-2.796881,-6.907755,-6.907755,-3.924602,-0.8215489,-0.6911492,-1.60445,-0.6911492,-0.6911492,-0.6911492,-0.6911492,-0.6911492,-0.6911492,-0.6911492,-0.6911492,-0.6911492,-0.6911492,3821,1691
Harlan,31083,-5.757183,-2.095571,-6.214608,-5.51151,-2.97593,-1.136314,-6.214608,-6.907755,-6.907755,-4.783102,-6.214608,-2.292635,-2.292635,0.693647,-0.6911492,-2.292635,0.693647,0.693647,0.5013812,-1.854699,-2.292635,-2.796881,-1.60445,-6.907755,-3.963316,-0.9088187,-0.6911492,-1.60445,-0.6911492,-0.6911492,-0.6911492,-0.6911492,-0.6911492,-0.6911492,-0.6911492,-0.6911492,-0.6911492,-0.6911492,3423,1649
Sherman,31163,-6.907755,-6.907755,-6.907755,-6.907755,-2.97593,-6.907755,-6.907755,-6.907755,-6.907755,-6.907755,-6.214608,-6.907755,-6.907755,-6.907755,-6.907755,-6.907755,-6.907755,-6.907755,-6.907755,-6.907755,-6.907755,-6.907755,-6.907755,-6.907755,-3.863233,-0.6911492,-0.6911492,-6.907755,-0.6911492,-0.6911492,-0.6911492,-0.6911492,-0.6911492,-0.6911492,-0.6911492,-0.6911492,-0.6911492,-0.6911492,3152,1478
Franklin,31061,-5.459661,-2.238203,-6.214608,-4.268698,-2.97593,-1.343235,-6.214608,-6.907755,-6.907755,-3.109274,-6.214608,-2.292635,-2.292635,-6.907755,-0.6911492,-2.292635,0.693647,-6.907755,-6.907755,-1.985041,-6.907755,-2.796881,-6.907755,-6.907755,-3.863233,-0.6911492,-0.6911492,-1.60445,-0.6911492,-0.6911492,-0.6911492,-0.6911492,-0.6911492,-0.6911492,-0.6911492,-0.6911492,-0.6911492,-0.6911492,3225,1509
Franklin,31061,-5.521460918,-2.120263536,-6.214608098,-4.268697949,-2.975929646,-1.272965676,-6.214608098,-4.605170186,-4.605170186,-3.101092789,-6.214608098,-2.207274913,-2.207274913,-2.525728644,-0.579818495,-1.897119985,0.732367894,-3.218875825,-2.525728644,-1.771956842,-2.407945609,-2.659260037,-4.605170186,-2.813410717,-3.506557897,-0.673344553,-0.510825624,-1.514127733,-0.510825624,-0.653926467,-0.673344553,-0.653926467,-0.673344553,-0.494296322,-0.562118918,-2.995732274,-0.510825624,-0.653926467,3225,1509
Harlan,31083,-5.80914299,-2.040220829,-6.214608098,-5.521460918,-2.975929646,-1.078809661,-6.214608098,-4.605170186,-4.605170186,-4.828313737,-6.214608098,-2.207274913,-2.207274913,0.732367894,-0.579818495,-1.897119985,0.732367894,0.712949808,0.548121409,-1.660731207,-1.660731207,-2.659260037,-1.560647748,-2.813410717,-3.575550769,-0.891598119,-0.510825624,-1.514127733,-0.510825624,-0.653926467,-0.673344553,-0.653926467,-0.673344553,-0.494296322,-0.562118918,-2.995732274,-0.510825624,-0.653926467,3423,1649
Stanton,31167,-6.907755279,-4.605170186,-6.907755279,-6.907755279,-2.975929646,-3.912023005,-6.907755279,-4.605170186,-4.605170186,-6.907755279,-6.214608098,-4.605170186,-4.605170186,-2.525728644,-2.813410717,-2.995732274,-2.525728644,-3.218875825,-2.525728644,-3.506557897,-2.407945609,-4.605170186,-4.605170186,-2.813410717,-3.506557897,-0.673344553,-0.510825624,-3.912023005,-0.510825624,-0.653926467,-0.673344553,-0.653926467,-0.673344553,-0.494296322,-0.562118918,-2.995732274,-0.510825624,-0.653926467,6129,2120
Sherman,31163,-6.907755279,-4.605170186,-6.907755279,-6.907755279,-2.975929646,-3.912023005,-6.907755279,-4.605170186,-4.605170186,-6.907755279,-6.214608098,-4.605170186,-4.605170186,-2.525728644,-2.813410717,-2.995732274,-2.525728644,-3.218875825,-2.525728644,-3.506557897,-2.407945609,-4.605170186,-4.605170186,-2.813410717,-3.506557897,-0.673344553,-0.510825624,-3.912023005,-0.510825624,-0.653926467,-0.673344553,-0.653926467,-0.673344553,-0.494296322,-0.562118918,-2.995732274,-0.510825624,-0.653926467,3152,1478
Stanton,31167,-6.907755,-6.907755,-6.907755,-6.907755,-2.97593,-6.907755,-6.907755,-6.907755,-6.907755,-6.907755,-6.214608,-6.907755,-6.907755,-6.907755,-6.907755,-6.907755,-6.907755,-6.907755,-6.907755,-6.907755,-6.907755,-6.907755,-6.907755,-6.907755,-3.863233,-0.6911492,-0.6911492,-6.907755,-0.6911492,-0.6911492,-0.6911492,-0.6911492,-0.6911492,-0.6911492,-0.6911492,-0.6911492,-0.6911492,-0.6911492,6129,2120
Gosper,31073,-5.142169,-2.776195,-6.214608,-6.189916,-2.97593,-0.9848373,-6.214608,-6.907755,-6.907755,-5.115996,-6.214608,-2.292635,-2.292635,0.693647,-0.6911492,-2.292635,0.693647,0.9166906,0.693647,-2.513306,-2.292635,-2.796881,-1.60445,-6.907755,-4.009479,-1.094905,-0.7816142,-1.60445,-0.7493649,-0.8187104,-0.8074363,-0.8187104,-0.7707484,-0.8224968,-0.8187104,-0.7816142,-0.8074363,-0.8224968,2044,922
Gosper,31073,-5.11599581,-2.659260037,-6.214608098,-6.214608098,-2.975929646,-0.94160854,-6.214608098,-4.605170186,-4.605170186,-5.11599581,-6.214608098,-2.207274913,-2.207274913,0.732367894,-0.579818495,-1.897119985,0.732367894,0.932164081,0.732367894,-2.207274913,-1.660731207,-2.659260037,-1.560647748,-2.813410717,-3.611918413,-1.078809661,-0.579818495,-1.514127733,-0.562118918,-0.776528789,-0.776528789,-0.776528789,-0.755022584,-0.597837001,-0.673344553,-2.995732274,-0.597837001,-0.776528789,2044,922
Hitchcock,31087,-4.422848629,-2.120263536,-6.214608098,-6.214608098,-6.907755279,0.277631737,-6.214608098,-4.605170186,-4.605170186,-5.11599581,-6.907755279,-2.207274913,-2.207274913,-2.525728644,-0.579818495,-1.897119985,0.732367894,-3.218875825,-2.525728644,-2.207274913,-2.407945609,-2.659260037,-4.605170186,-2.813410717,-3.506557897,-0.673344553,-0.510825624,-1.514127733,-0.510825624,-0.653926467,-0.673344553,-0.653926467,-0.673344553,-0.494296322,-0.562118918,-2.995732274,-0.510825624,-0.653926467,2908,1351
Hitchcock,31087,-4.398156,-2.189256,-6.214608,-6.214608,-6.907755,0.2631332,-6.214608,-6.907755,-6.907755,-5.101107,-6.907755,-2.292635,-2.292635,-6.907755,-0.6911492,-2.292635,0.693647,-6.907755,-6.907755,-2.513306,-6.907755,-2.796881,-6.907755,-6.907755,-3.863233,-0.6911492,-0.6911492,-1.60445,-0.6911492,-0.6911492,-0.6911492,-0.6911492,-0.6911492,-0.6911492,-0.6911492,-0.6911492,-0.6911492,-0.6911492,2908,1351
Pawnee,31133,-6.907755,-6.907755,-6.907755,-6.907755,-6.907755,-6.907755,-6.907755,-6.907755,-6.907755,-6.907755,-6.907755,-6.907755,-6.907755,-6.907755,-6.907755,-6.907755,-6.907755,-6.907755,-6.907755,-6.907755,-6.907755,-6.907755,-6.907755,-6.907755,-3.863233,-0.6911492,-0.6911492,-6.907755,-0.6911492,-0.6911492,-0.6911492,-0.6911492,-0.6911492,-0.6911492,-0.6911492,-0.6911492,-0.6911492,-0.6911492,2773,1357
Pawnee,31133,-6.907755279,-4.605170186,-6.907755279,-6.907755279,-6.907755279,-3.912023005,-6.907755279,-4.605170186,-4.605170186,-6.907755279,-6.907755279,-4.605170186,-4.605170186,-2.525728644,-2.813410717,-2.995732274,-2.525728644,-3.218875825,-2.525728644,-3.506557897,-2.407945609,-4.605170186,-4.605170186,-2.813410717,-3.506557897,-0.673344553,-0.510825624,-3.912023005,-0.510825624,-0.653926467,-0.673344553,-0.653926467,-0.673344553,-0.494296322,-0.562118918,-2.995732274,-0.510825624,-0.653926467,2773,1357
Nance,31125,-4.710530702,-1.897119985,-6.214608098,-5.80914299,-2.975929646,-0.094310679,-6.214608098,-4.605170186,-4.605170186,-3.036554268,-6.214608098,-4.605170186,-4.605170186,-2.525728644,-2.813410717,-2.995732274,-2.525728644,-3.218875825,-2.525728644,-3.506557897,-2.407945609,-4.605170186,-4.605170186,-2.813410717,-3.575550769,-0.84397007,-0.510825624,-3.912023005,-0.510825624,-0.653926467,-0.673344553,-0.653926467,-0.673344553,-0.494296322,-0.562118918,-2.995732274,-0.510825624,-0.653926467,3735,1576
Nance,31125,-4.684213,-1.9951,-6.214608,-5.660723,-2.97593,-0.1186227,-6.214608,-6.907755,-6.907755,-3.047026,-6.214608,-6.907755,-6.907755,-6.907755,-6.907755,-6.907755,-6.907755,-6.907755,-6.907755,-6.907755,-6.907755,-6.907755,-6.907755,-6.907755,-3.945925,-0.8690891,-0.6911492,-6.907755,-0.6911492,-0.6911492,-0.6911492,-0.6911492,-0.6911492,-0.6911492,-0.6911492,-0.6911492,-0.6911492,-0.6911492,3735,1576
Thurston,31173,-6.907755279,-4.605170186,-6.907755279,-6.907755279,-2.975929646,-3.912023005,-6.907755279,-4.605170186,-4.605170186,-6.907755279,-6.214608098,-4.605170186,-4.605170186,-2.525728644,-2.813410717,-2.995732274,-2.525728644,-3.218875825,-2.525728644,-3.506557897,-2.407945609,-4.605170186,-4.605170186,-2.813410717,-3.506557897,-0.673344553,-0.510825624,-3.912023005,-0.510825624,-0.653926467,-0.673344553,-0.653926467,-0.673344553,-0.494296322,-0.562118918,-2.995732274,-0.510825624,-0.653926467,6940,1922
Brown,31017,-6.907755,-6.907755,-6.907755,-6.907755,-6.907755,-6.907755,-6.907755,-6.907755,-6.907755,-6.907755,-6.907755,-6.907755,-6.907755,-6.907755,-6.907755,-6.907755,-6.907755,-6.907755,-6.907755,-6.907755,-6.907755,-6.907755,-6.907755,-6.907755,-6.907755,-6.907755,-6.907755,-6.907755,-6.907755,-6.907755,-6.907755,-6.907755,-6.907755,-6.907755,-6.907755,-6.907755,-6.907755,-6.907755,3145,1481
Brown,31017,-6.907755279,-4.605170186,-6.907755279,-6.907755279,-6.907755279,-3.912023005,-6.907755279,-4.605170186,-4.605170186,-6.907755279,-6.907755279,-4.605170186,-4.605170186,-2.525728644,-2.813410717,-2.995732274,-2.525728644,-3.218875825,-2.525728644,-3.506557897,-2.407945609,-4.605170186,-4.605170186,-2.813410717,-4.605170186,-4.605170186,-2.302585093,-3.912023005,-2.302585093,-3.912023005,-4.605170186,-3.912023005,-4.605170186,-2.207274913,-2.659260037,-2.995732274,-2.302585093,-3.912023005,3145,1481
Thurston,31173,-6.907755,-6.907755,-6.907755,-6.907755,-2.97593,-6.907755,-6.907755,-6.907755,-6.907755,-6.907755,-6.214608,-6.907755,-6.907755,-6.907755,-6.907755,-6.907755,-6.907755,-6.907755,-6.907755,-6.907755,-6.907755,-6.907755,-6.907755,-6.907755,-3.863233,-0.6911492,-0.6911492,-6.907755,-0.6911492,-0.6911492,-0.6911492,-0.6911492,-0.6911492,-0.6911492,-0.6911492,-0.6911492,-0.6911492,-0.6911492,6940,1922
Polk,31143,-4.804842,-1.870803,-6.214608,-4.297686,-2.97593,-0.3866434,-6.214608,-6.907755,-6.907755,-3.759302,-6.214608,-2.292635,-2.292635,0.693647,-0.6911492,-2.292635,0.693647,0.9166906,0.693647,-2.513306,-2.292635,-2.796881,-1.60445,-6.907755,-3.863233,-0.7416374,-0.7263593,-1.60445,-0.7140304,-0.7402388,-0.7360547,-0.7402388,-0.7222328,-0.7416374,-0.7402388,-0.7263593,-0.7360547,-0.7416374,5406,2337
Morrill,31123,-4.884884,-2.578339,-6.214608,-6.214608,-2.97593,-0.8891621,-6.214608,-6.907755,-6.907755,-5.115996,-6.214608,-2.292635,-2.292635,-6.907755,-0.6911492,-2.292635,0.693647,-6.907755,-6.907755,-2.513306,-6.907755,-2.796881,-6.907755,-6.907755,-3.863233,-0.6911492,-0.6911492,-1.60445,-0.6911492,-0.6911492,-0.6911492,-0.6911492,-0.6911492,-0.6911492,-0.6911492,-0.6911492,-0.6911492,-0.6911492,5042,2077
Polk,31143,-4.828313737,-1.832581464,-6.214608098,-4.268697949,-2.975929646,-0.356674944,-6.214608098,-4.605170186,-4.605170186,-3.772261063,-6.214608098,-2.207274913,-2.207274913,0.732367894,-0.579818495,-1.897119985,0.732367894,0.932164081,0.732367894,-2.207274913,-1.660731207,-2.659260037,-1.560647748,-2.813410717,-3.506557897,-0.713349888,-0.544727175,-1.514127733,-0.527632742,-0.693147181,-0.713349888,-0.693147181,-0.713349888,-0.527632742,-0.597837001,-2.995732274,-0.544727175,-0.693147181,5406,2337
Morrill,31123,-4.828313737,-2.525728644,-6.214608098,-6.214608098,-2.975929646,-0.84397007,-6.214608098,-4.605170186,-4.605170186,-5.11599581,-6.214608098,-2.207274913,-2.207274913,-2.525728644,-0.579818495,-1.897119985,0.732367894,-3.218875825,-2.525728644,-2.207274913,-2.407945609,-2.659260037,-4.605170186,-2.813410717,-3.506557897,-0.673344553,-0.510825624,-1.514127733,-0.510825624,-0.653926467,-0.673344553,-0.653926467,-0.673344553,-0.494296322,-0.562118918,-2.995732274,-0.510825624,-0.653926467,5042,2077
Johnson,31097,-5.809143,-2.553614,-6.214608,-5.08482,-2.97593,-0.0905153,-6.214608,-6.907755,-6.907755,-5.115996,-6.214608,-2.292635,-2.292635,0.693647,-0.6911492,-2.292635,0.693647,0.9166906,0.693647,-2.513306,-2.292635,-2.796881,-1.60445,-6.907755,-3.882464,-0.7310567,-0.6911492,-1.60445,-0.6911492,-0.6911492,-0.6911492,-0.6911492,-0.6911492,-0.6911492,-0.6911492,-0.6911492,-0.6911492,-0.6911492,5217,2035
Cheyenne,31033,-5.11599581,-1.771956842,-6.214608098,-6.214608098,-2.975929646,-0.46203546,-6.214608098,-4.605170186,-4.605170186,-4.96184513,-6.214608098,-2.207274913,-2.207274913,0.732367894,-0.579818495,-1.897119985,0.732367894,0.932164081,0.732367894,-2.207274913,-1.660731207,-2.659260037,-1.560647748,-2.813410717,-3.540459449,-0.733969175,-0.510825624,-1.514127733,-0.510825624,-0.653926467,-0.673344553,-0.653926467,-0.673344553,-0.494296322,-0.562118918,-2.995732274,-0.510825624,-0.653926467,9998,3671
Johnson,31097,-5.80914299,-2.407945609,-6.214608098,-5.11599581,-2.975929646,-0.072570693,-6.214608098,-4.605170186,-4.605170186,-5.11599581,-6.214608098,-2.207274913,-2.207274913,0.732367894,-0.579818495,-1.897119985,0.732367894,0.932164081,0.732367894,-2.207274913,-1.660731207,-2.659260037,-1.560647748,-2.813410717,-3.506557897,-0.713349888,-0.510825624,-1.514127733,-0.510825624,-0.653926467,-0.673344553,-0.653926467,-0.673344553,-0.494296322,-0.562118918,-2.995732274,-0.510825624,-0.653926467,5217,2035
Cheyenne,31033,-5.05111,-1.857258,-6.214608,-6.170591,-2.97593,-0.4981288,-6.214608,-6.907755,-6.907755,-5.030583,-6.214608,-2.292635,-2.292635,0.693647,-0.6911492,-2.292635,0.693647,0.9166906,0.693647,-2.513306,-2.292635,-2.796881,-1.60445,-6.907755,-3.895494,-0.758575,-0.6911492,-1.60445,-0.6911492,-0.6911492,-0.6911492,-0.6911492,-0.6911492,-0.6911492,-0.6911492,-0.6911492,-0.6911492,-0.6911492,9998,3671
Valley,31175,-5.301322,-2.20682,-6.214608,-6.100164,-2.97593,-1.465338,-6.214608,-6.907755,-6.907755,-4.824571,-6.214608,-2.292635,-2.292635,0.693647,-0.6911492,-2.292635,0.693647,0.9166906,0.693647,-2.23961,-2.292635,-2.796881,-1.60445,-6.907755,-3.945925,-0.8690891,-0.6911492,-1.60445,-0.6911492,-0.6911492,-0.6911492,-0.6911492,-0.6911492,-0.6911492,-0.6911492,-0.6911492,-0.6911492,-0.6911492,4260,1936
Valley,31175,-5.298317367,-2.120263536,-6.214608098,-6.214608098,-2.975929646,-1.386294361,-6.214608098,-4.605170186,-4.605170186,-4.828313737,-6.214608098,-2.207274913,-2.207274913,0.732367894,-0.579818495,-1.897119985,0.732367894,0.932164081,0.732367894,-1.966112856,-1.660731207,-2.659260037,-1.560647748,-2.813410717,-3.575550769,-0.84397007,-0.510825624,-1.514127733,-0.510825624,-0.653926467,-0.673344553,-0.653926467,-0.673344553,-0.494296322,-0.562118918,-2.995732274,-0.510825624,-0.653926467,4260,1936
Kearney,31099,-6.907755,-6.907755,-6.907755,-6.907755,-2.97593,-6.907755,-6.907755,-6.907755,-6.907755,-6.907755,-6.214608,-2.292635,-2.292635,-6.907755,-0.6911492,-2.292635,0.693647,-6.907755,-6.907755,-2.282783,-6.907755,-2.796881,-6.907755,-6.907755,-3.863233,-0.6911492,-0.6911492,-1.60445,-0.6911492,-0.6911492,-0.6911492,-0.6911492,-0.6911492,-0.6911492,-0.6911492,-0.6911492,-0.6911492,-0.6911492,6489,2633
Kearney,31099,-6.907755279,-4.605170186,-6.907755279,-6.907755279,-2.975929646,-3.912023005,-6.907755279,-4.605170186,-4.605170186,-6.907755279,-6.214608098,-2.207274913,-2.207274913,-2.525728644,-0.579818495,-1.897119985,0.732367894,-3.218875825,-2.525728644,-2.040220829,-2.407945609,-2.659260037,-4.605170186,-2.813410717,-3.506557897,-0.673344553,-0.510825624,-1.514127733,-0.510825624,-0.653926467,-0.673344553,-0.653926467,-0.673344553,-0.494296322,-0.562118918,-2.995732274,-0.510825624,-0.653926467,6489,2633
Nuckolls,31129,-5.617605,-1.101617,-6.214608,-5.742523,-2.97593,-0.2536028,-6.214608,-6.907755,-6.907755,-5.115996,-6.214608,-2.292635,-2.292635,0.693647,-0.6911492,-2.292635,0.693647,0.693647,0.5013812,-2.067513,-2.292635,-2.796881,-1.60445,-6.907755,-3.912023,-0.8794768,-0.7721904,-1.60445,-0.7433884,-0.8051967,-0.7951799,-0.8051967,-0.7624972,-1.211081,-0.8051967,-0.7721904,-0.7951799,-0.808558,4500,2213
Nuckolls,31129,-5.521460918,-1.078809661,-6.214608098,-5.80914299,-2.975929646,-0.235722334,-6.214608098,-4.605170186,-4.605170186,-5.11599581,-6.214608098,-2.207274913,-2.207274913,0.732367894,-0.579818495,-1.897119985,0.732367894,0.712949808,0.548121409,-1.832581464,-1.660731207,-2.659260037,-1.560647748,-2.813410717,-3.540459449,-0.867500568,-0.579818495,-1.514127733,-0.562118918,-0.755022584,-0.776528789,-0.755022584,-0.733969175,-0.891598119,-0.653926467,-2.995732274,-0.597837001,-0.776528789,4500,2213
Wayne,31179,-5.521460918,-2.525728644,-6.214608098,-5.521460918,-2.975929646,-0.510825624,-6.214608098,-4.605170186,-4.605170186,-4.074541935,-6.214608098,-4.605170186,-4.605170186,0.732367894,-2.813410717,-2.995732274,-2.525728644,0.932164081,0.732367894,-3.506557897,-1.660731207,-4.605170186,-1.560647748,-2.813410717,-3.575550769,-0.84397007,-0.510825624,-3.912023005,-0.510825624,-0.653926467,-0.673344553,-0.653926467,-0.673344553,-0.494296322,-0.562118918,-2.995732274,-0.510825624,-0.653926467,9595,2891
Wayne,31179,-5.438442,-2.713377,-6.214608,-5.514609,-2.97593,-0.5404261,-6.214608,-6.907755,-6.907755,-4.049132,-6.214608,-6.907755,-6.907755,0.693647,-6.907755,-6.907755,-6.907755,0.9166906,0.693647,-6.907755,-2.292635,-6.907755,-1.60445,-6.907755,-3.945925,-0.8690891,-0.6911492,-6.907755,-0.6911492,-0.6911492,-0.6911492,-0.6911492,-0.6911492,-0.6911492,-0.6911492,-0.6911492,-0.6911492,-0.6911492,9595,2891
Pierce,31139,-6.907755,-6.907755,-6.907755,-6.907755,-2.97593,-0.0363183,-6.907755,-6.907755,-6.907755,-6.907755,-6.214608,-2.292635,-2.292635,-6.907755,-0.6911492,-2.292635,0.693647,-6.907755,-6.907755,-2.513306,-6.907755,-2.796881,-6.907755,-6.907755,-3.863233,-0.6911492,-0.6911492,-1.60445,-0.6911492,-0.6911492,-0.6911492,-0.6911492,-0.6911492,-0.6911492,-0.6911492,-0.6911492,-0.6911492,-0.6911492,7266,2767
Howard,31093,-5.80914299,-1.897119985,-6.214608098,-5.80914299,-2.975929646,-1.078809661,-6.214608098,-4.605170186,-4.605170186,-5.11599581,-6.214608098,-2.207274913,-2.207274913,-2.525728644,-0.579818495,-1.897119985,0.732367894,-3.218875825,-2.525728644,-2.207274913,-2.407945609,-2.659260037,-4.605170186,-2.813410717,-3.540459449,-0.798507696,-0.653926467,-1.514127733,-0.544727175,-0.733969175,-0.733969175,-0.733969175,-0.713349888,-0.562118918,-0.634878272,-2.995732274,-0.562118918,-0.733969175,6274,2506
Pierce,31139,-6.907755279,-4.605170186,-6.907755279,-6.907755279,-2.975929646,-0.020202707,-6.907755279,-4.605170186,-4.605170186,-6.907755279,-6.214608098,-2.207274913,-2.207274913,-2.525728644,-0.579818495,-1.897119985,0.732367894,-3.218875825,-2.525728644,-2.207274913,-2.407945609,-2.659260037,-4.605170186,-2.813410717,-3.506557897,-0.673344553,-0.510825624,-1.514127733,-0.510825624,-0.653926467,-0.673344553,-0.653926467,-0.673344553,-0.494296322,-0.562118918,-2.995732274,-0.510825624,-0.653926467,7266,2767
Howard,31093,-5.782825,-1.931022,-6.214608,-5.914504,-2.97593,-1.136314,-6.214608,-6.907755,-6.907755,-5.115996,-6.214608,-2.292635,-2.292635,-6.907755,-0.6911492,-2.292635,0.693647,-6.907755,-6.907755,-2.513306,-6.907755,-2.796881,-6.907755,-6.907755,-3.895494,-0.8126817,-0.87707,-1.60445,-0.7256704,-0.7657179,-0.759287,-0.7657179,-0.7381445,-0.7678707,-0.7657179,-0.7444405,-0.759287,-0.7678707,6274,2506
Antelope,31003,-6.907755,-6.907755,-6.907755,-6.907755,-2.97593,-0.1554849,-6.907755,-6.907755,-6.907755,-6.907755,-6.214608,-6.907755,-6.907755,-6.907755,-6.907755,-6.907755,-6.907755,-6.907755,-6.907755,-6.907755,-6.907755,-6.907755,-6.907755,-6.907755,-3.863233,-0.7880074,-0.7582192,-6.907755,-0.7344902,-0.7852625,-0.7770724,-0.7852625,-0.7502468,-0.7880074,-0.7852625,-0.7582192,-0.7770724,-0.7880074,6685,2967
Antelope,31003,-6.907755279,-4.605170186,-6.907755279,-6.907755279,-6.907755279,-3.912023005,-6.907755279,-4.605170186,-4.605170186,-6.907755279,-6.907755279,-4.605170186,-4.605170186,-2.525728644,-2.813410717,-2.995732274,-2.525728644,-3.218875825,-2.525728644,-3.506557897,-2.407945609,-4.605170186,-4.605170186,-2.813410717,-4.605170186,-4.605170186,-2.302585093,-3.912023005,-2.302585093,-3.912023005,-4.605170186,-3.912023005,-4.605170186,-2.207274913,-2.659260037,-2.995732274,-2.302585093,-3.912023005,6685,2967
Webster,31181,-6.907755,-6.907755,-6.907755,-6.907755,-2.97593,-0.0968781,-6.907755,-6.907755,-6.907755,-6.907755,-6.214608,-6.907755,-6.907755,-6.907755,-6.907755,-6.907755,-6.907755,-6.907755,-6.907755,-6.907755,-6.907755,-6.907755,-6.907755,-6.907755,-3.863233,-0.6911492,-0.6911492,-6.907755,-0.6911492,-0.6911492,-0.6911492,-0.6911492,-0.6911492,-0.6911492,-0.6911492,-0.6911492,-0.6911492,-0.6911492,3812,1718
Webster,31181,-6.907755279,-4.605170186,-6.907755279,-6.907755279,-2.975929646,-0.072570693,-6.907755279,-4.605170186,-4.605170186,-6.907755279,-6.214608098,-4.605170186,-4.605170186,-2.525728644,-2.813410717,-2.995732274,-2.525728644,-3.218875825,-2.525728644,-3.506557897,-2.407945609,-4.605170186,-4.605170186,-2.813410717,-3.506557897,-0.673344553,-0.510825624,-3.912023005,-0.510825624,-0.653926467,-0.673344553,-0.653926467,-0.673344553,-0.494296322,-0.562118918,-2.995732274,-0.510825624,-0.653926467,3812,1718
Boone,31011,-6.907755,-6.907755,-6.907755,-6.907755,-2.97593,-0.0174853,-6.907755,-6.907755,-6.907755,-6.907755,-6.214608,-6.907755,-6.907755,-6.907755,-6.907755,-6.907755,-6.907755,-6.907755,-6.907755,-6.907755,-6.907755,-6.907755,-6.907755,-6.907755,-3.863233,-0.6911492,-0.2218943,-6.907755,-0.6911492,-0.6911492,-0.6911492,-0.6911492,-0.6911492,-0.6911492,-0.6911492,-0.6911492,-0.6911492,-0.6911492,5505,2370
Boone,31011,-6.907755279,-4.605170186,-6.907755279,-6.907755279,-2.975929646,0,-6.907755279,-4.605170186,-4.605170186,-6.907755279,-6.214608098,-4.605170186,-4.605170186,-2.525728644,-2.813410717,-2.995732274,-2.525728644,-3.218875825,-2.525728644,-3.506557897,-2.407945609,-4.605170186,-4.605170186,-2.813410717,-3.506557897,-0.673344553,-0.105360516,-3.912023005,-0.510825624,-0.653926467,-0.673344553,-0.653926467,-0.673344553,-0.494296322,-0.562118918,-2.995732274,-0.510825624,-0.653926467,5505,2370
Burt,31021,-5.805815,-0.7743573,-6.214608,-4.50081,-2.97593,-0.2130164,-6.214608,-6.907755,-6.907755,-5.115996,-6.214608,-6.907755,-6.907755,-6.907755,-6.907755,-6.907755,-6.907755,-6.907755,-6.907755,-6.907755,-6.907755,-6.907755,-6.907755,-6.907755,-3.903724,-0.9200478,-0.7816142,-6.907755,-0.7493649,-0.8187104,-0.8074363,-0.8187104,-0.7707484,-0.8224968,-0.8187104,-0.7816142,-0.8074363,-0.8224968,6858,3124
Burt,31021,-5.80914299,-0.755022584,-6.214608098,-4.509860006,-2.975929646,-0.186329578,-6.214608098,-4.605170186,-4.605170186,-5.11599581,-6.214608098,-4.605170186,-4.605170186,-2.525728644,-2.813410717,-2.995732274,-2.525728644,-3.218875825,-2.525728644,-3.506557897,-2.407945609,-4.605170186,-4.605170186,-2.813410717,-3.540459449,-0.891598119,-0.579818495,-3.912023005,-0.562118918,-0.776528789,-0.776528789,-0.776528789,-0.755022584,-0.597837001,-0.673344553,-2.995732274,-0.597837001,-0.776528789,6858,3124
Dixon,31051,-6.907755279,-4.605170186,-6.907755279,-6.907755279,-2.975929646,0.076961041,-6.907755279,-4.605170186,-4.605170186,-6.907755279,-6.214608098,-2.207274913,-2.207274913,-2.525728644,-0.579818495,-1.897119985,0.732367894,-3.218875825,-2.525728644,-2.207274913,-2.407945609,-2.659260037,-4.605170186,-2.813410717,-3.506557897,-0.776528789,-0.301105093,-1.514127733,-0.544727175,-0.733969175,-0.755022584,-0.733969175,-0.733969175,-0.579818495,-0.634878272,-2.995732274,-0.579818495,-0.755022584,6000,2393
Dixon,31051,-6.907755,-6.907755,-6.907755,-6.907755,-2.97593,0.0592119,-6.907755,-6.907755,-6.907755,-6.907755,-6.214608,-2.292635,-2.292635,-6.907755,-0.6911492,-2.292635,0.693647,-6.907755,-6.907755,-2.513306,-6.907755,-2.796881,-6.907755,-6.907755,-3.863233,-0.7880074,-0.4466778,-1.60445,-0.7344902,-0.7852625,-0.7770724,-0.7852625,-0.7502468,-0.7880074,-0.7852625,-0.7582192,-0.7770724,-0.7880074,6000,2393
Furnas,31065,-6.907755,-6.907755,-6.907755,-6.907755,-2.97593,-6.907755,-6.907755,-6.907755,-6.907755,-6.907755,-6.214608,-2.292635,-2.292635,-6.907755,-0.6911492,-2.292635,0.693647,-6.907755,-6.907755,-2.513306,-6.907755,-2.796881,-6.907755,-6.907755,-3.863233,-0.6911492,-0.6911492,-1.60445,-0.6911492,-0.6911492,-0.6911492,-0.6911492,-0.6911492,-0.6911492,-0.6911492,-0.6911492,-0.6911492,-0.6911492,4959,2304
Furnas,31065,-6.907755279,-4.605170186,-6.907755279,-6.907755279,-2.975929646,-3.912023005,-6.907755279,-4.605170186,-4.605170186,-6.907755279,-6.214608098,-2.207274913,-2.207274913,-2.525728644,-0.579818495,-1.897119985,0.732367894,-3.218875825,-2.525728644,-2.207274913,-2.407945609,-2.659260037,-4.605170186,-2.813410717,-3.506557897,-0.673344553,-0.510825624,-1.514127733,-0.510825624,-0.653926467,-0.673344553,-0.653926467,-0.673344553,-0.494296322,-0.562118918,-2.995732274,-0.510825624,-0.653926467,4959,2304
Phelps,31137,-5.180041,-2.368132,-6.214608,-5.591943,-2.97593,-0.178728,-6.214608,-6.907755,-6.907755,-4.214432,-6.214608,-2.292635,-2.292635,-6.907755,-0.6911492,-2.292635,0.693647,-6.907755,-6.907755,-2.272905,-6.907755,-2.796881,-6.907755,-6.907755,-3.897838,-0.7635697,-0.6911492,-1.60445,-0.6911492,-0.6911492,-0.6911492,-0.6911492,-0.6911492,-0.6911492,-0.6911492,-0.6911492,-0.6911492,-0.6911492,9188,3636
Phelps,31137,-5.11599581,-2.302585093,-6.214608098,-5.521460918,-2.975929646,-0.15082289,-6.214608098,-4.605170186,-4.605170186,-4.199705078,-6.214608098,-2.207274913,-2.207274913,-2.525728644,-0.579818495,-1.897119985,0.732367894,-3.218875825,-2.525728644,-2.040220829,-2.407945609,-2.659260037,-4.605170186,-2.813410717,-3.540459449,-0.733969175,-0.510825624,-1.514127733,-0.510825624,-0.653926467,-0.673344553,-0.653926467,-0.673344553,-0.494296322,-0.562118918,-2.995732274,-0.510825624,-0.653926467,9188,3636
Dawes,31045,-5.266173,-1.883875,-6.214608,-5.823411,-2.97593,-0.9433194,-6.214608,-6.907755,-6.907755,-4.899541,-6.214608,-2.292635,-2.292635,-6.907755,-0.6911492,-2.079442,0.693647,-6.907755,-6.907755,-2.513306,-6.907755,-2.796881,-6.907755,-6.907755,-3.863233,-1.029708,-0.7588122,-1.60445,-0.8326647,-1.018877,-0.9870709,-1.018877,-0.8878112,-1.029708,-1.018877,-0.9165686,-0.9870709,-1.029708,9182,3119
Dawes,31045,-5.298317367,-1.832581464,-6.214608098,-5.80914299,-2.975929646,-0.891598119,-6.214608098,-4.605170186,-4.605170186,-4.96184513,-6.214608098,-2.207274913,-2.207274913,-2.525728644,-0.579818495,-1.771956842,0.732367894,-3.218875825,-2.525728644,-2.207274913,-2.407945609,-2.659260037,-4.605170186,-2.813410717,-3.506557897,-0.994252273,-0.562118918,-1.514127733,-0.634878272,-0.967584026,-0.967584026,-0.967584026,-0.867500568,-0.755022584,-0.84397007,-2.995732274,-0.755022584,-0.967584026,9182,3119
Keith,31101,-5.298317367,-2.120263536,-6.214608098,-6.214608098,-6.907755279,0.009950331,-6.214608098,-4.605170186,-4.605170186,-5.11599581,-6.907755279,-2.207274913,-2.207274913,-2.525728644,-0.579818495,-1.897119985,0.732367894,-3.218875825,-2.525728644,-2.207274913,-2.407945609,-2.659260037,-4.605170186,-2.813410717,-3.575550769,-0.94160854,-0.562118918,-1.514127733,-0.544727175,-0.733969175,-0.733969175,-0.733969175,-0.713349888,-0.562118918,-0.634878272,-2.995732274,-0.562118918,-0.733969175,8368,3790
Hamilton,31081,-5.595545,-2.061209,-6.214608,-5.336106,-2.97593,-0.8750688,-6.214608,-6.907755,-6.907755,-4.921938,-6.214608,-2.292635,-2.292635,0.693647,-0.6911492,-2.292635,0.693647,0.9166906,0.693647,-2.513306,-2.292635,-2.796881,-1.60445,-6.907755,-3.897838,-0.7635697,-0.6911492,-1.60445,-0.6911492,-0.6911492,-0.6911492,-0.6911492,-0.6911492,-0.6911492,-0.6911492,-0.6911492,-0.6911492,-0.6911492,9124,3521
Keith,31101,-5.29068,-2.223543,-6.214608,-6.214608,-6.907755,-0.0120726,-6.214608,-6.907755,-6.907755,-5.115996,-6.907755,-2.292635,-2.292635,-6.907755,-0.6911492,-2.292635,0.693647,-6.907755,-6.907755,-2.513306,-6.907755,-2.796881,-6.907755,-6.907755,-3.942482,-0.9529547,-0.7444405,-1.60445,-0.7256704,-0.7657179,-0.759287,-0.7657179,-0.7381445,-0.7678707,-0.7657179,-0.7444405,-0.759287,-0.7678707,8368,3790
Hamilton,31081,-5.521460918,-1.966112856,-6.214608098,-5.298317367,-2.975929646,-0.820980552,-6.214608098,-4.605170186,-4.605170186,-4.96184513,-6.214608098,-2.207274913,-2.207274913,0.732367894,-0.579818495,-1.897119985,0.732367894,0.932164081,0.732367894,-2.207274913,-1.660731207,-2.659260037,-1.560647748,-2.813410717,-3.540459449,-0.733969175,-0.510825624,-1.514127733,-0.510825624,-0.653926467,-0.673344553,-0.653926467,-0.673344553,-0.494296322,-0.562118918,-2.995732274,-0.510825624,-0.653926467,9124,3521
Merrick,31121,-5.298317367,-2.040220829,-6.214608098,-5.80914299,-2.975929646,-0.46203546,-6.214608098,-4.605170186,-4.605170186,-2.353878387,-6.214608098,-2.207274913,-2.207274913,0.732367894,-0.579818495,-1.897119985,0.732367894,0.932164081,0.732367894,-1.660731207,-1.660731207,-2.659260037,-1.560647748,-2.813410717,-3.540459449,-0.820980552,-0.527632742,-1.514127733,-0.510825624,-0.673344553,-0.693147181,-0.673344553,1.342864803,-0.510825624,-0.579818495,-2.995732274,-0.527632742,-0.673344553,7845,3057
Merrick,31121,-5.366596,-2.141317,-6.214608,-5.841322,-2.97593,-0.4926583,-6.214608,-6.907755,-6.907755,-2.359111,-6.214608,-2.292635,-2.292635,0.693647,-0.6911492,-2.292635,0.693647,0.9166906,0.693647,-1.817939,-2.292635,-2.796881,-1.60445,-6.907755,-3.926522,-0.8386635,-0.7020198,-1.60445,-0.6982435,-0.7062324,-0.7049668,-0.7062324,1.339951,-0.7066547,-0.7062324,-0.7020198,-0.7049668,-0.7066547,7845,3057
Cherry,31031,-5.521460918,-2.207274913,-6.214608098,-5.80914299,-2.975929646,-1.30933332,-6.214608098,-4.605170186,-4.605170186,-5.11599581,-6.214608098,-2.207274913,-2.207274913,0.732367894,-0.579818495,-1.897119985,0.732367894,0.932164081,0.732367894,-2.207274913,-1.660731207,-2.659260037,-1.560647748,-2.813410717,-3.540459449,-0.733969175,-0.510825624,-1.514127733,-0.510825624,-0.653926467,-0.673344553,-0.653926467,0.058268908,0.343589704,-0.562118918,-2.995732274,-0.510825624,-0.653926467,5713,2477
Cherry,31031,-5.5744,-2.254748,-6.214608,-5.868362,-2.97593,-1.392312,-6.214608,-6.907755,-6.907755,-5.115996,-6.214608,-2.292635,-2.292635,0.693647,-0.6911492,-2.292635,0.693647,0.9166906,0.693647,-2.513306,-2.292635,-2.796881,-1.60445,-6.907755,-3.890821,-0.7486599,-0.6911492,-1.60445,-0.6911492,-0.6911492,-0.6911492,-0.6911492,0.0497421,0.2631332,-0.6911492,-0.6911492,-0.6911492,-0.6911492,5713,2477
Butler,31023,-5.186776,-2.56395,-6.214608,-5.892525,-2.97593,-1.422958,-6.214608,-6.907755,-6.907755,-3.537017,-6.214608,-6.907755,-6.907755,-6.907755,-6.907755,-6.907755,-6.907755,-6.907755,-6.907755,-6.907755,-6.907755,-6.907755,-6.907755,-6.907755,-3.921592,-0.8149382,-0.6911492,-6.907755,-0.6911492,-0.6911492,-0.6911492,-0.6911492,-0.6911492,-0.6911492,-0.6911492,-0.6911492,-0.6911492,-0.6911492,8395,3408
Butler,31023,-5.11599581,-2.407945609,-6.214608098,-5.80914299,-2.975929646,-1.347073648,-6.214608098,-4.605170186,-4.605170186,-3.540459449,-6.214608098,-4.605170186,-4.605170186,-2.525728644,-2.813410717,-2.995732274,-2.525728644,-3.218875825,-2.525728644,-3.506557897,-2.407945609,-4.605170186,-4.605170186,-2.813410717,-3.540459449,-0.798507696,-0.510825624,-3.912023005,-0.510825624,-0.653926467,-0.673344553,-0.653926467,-0.673344553,-0.494296322,-0.562118918,-2.995732274,-0.510825624,-0.653926467,8395,3408
Nemaha,31127,-5.80914299,-1.714798428,-6.214608098,-6.214608098,-2.975929646,0.067658648,-6.214608098,-4.605170186,-4.605170186,-5.11599581,-6.214608098,-2.207274913,-2.207274913,-2.525728644,-0.579818495,-1.897119985,0.732367894,-3.218875825,-2.525728644,-2.207274913,-2.407945609,-2.659260037,-4.605170186,-2.813410717,-3.540459449,-0.916290732,-0.544727175,-1.514127733,-0.544727175,-0.713349888,-0.733969175,-0.713349888,-0.713349888,-0.544727175,-0.616186139,-2.995732274,-0.562118918,-0.713349888,7248,2826
Clay,31035,-5.298317367,-2.040220829,-6.214608098,-5.80914299,-2.975929646,-0.616186139,-6.214608098,0.792992516,-3.506557897,-4.710530702,-6.214608098,-2.207274913,-2.207274913,1.691939134,-0.579818495,-1.897119985,0.732367894,0.932164081,0.732367894,-2.040220829,-1.660731207,-2.659260037,-1.560647748,-2.813410717,-3.575550769,-1.021651248,-0.616186139,-1.514127733,-0.579818495,-0.820980552,-0.820980552,-0.820980552,-0.776528789,-0.634878272,-0.713349888,-2.995732274,-0.634878272,-0.820980552,6542,2605
Nemaha,31127,-5.809143,-1.766092,-6.214608,-6.214608,-2.97593,0.0501951,-6.214608,-6.907755,-6.907755,-5.115996,-6.214608,-2.292635,-2.292635,-6.907755,-0.6911492,-2.292635,0.693647,-6.907755,-6.907755,-2.513306,-6.907755,-2.796881,-6.907755,-6.907755,-3.936392,-0.9310284,-0.7403941,-1.60445,-0.723072,-0.7599995,-0.7540774,-0.7599995,-0.7345867,-0.7619813,-0.7599995,-0.7403941,-0.7540774,-0.7619813,7248,2826
Clay,31035,-5.294774,-2.099644,-6.214608,-5.655468,-2.97593,-0.6524416,-6.214608,0.7889118,-3.863233,-4.724142,-6.214608,-2.292635,-2.292635,1.677283,-0.6911492,-2.292635,0.693647,0.9166906,0.693647,-2.264848,-2.292635,-2.796881,-1.60445,-6.907755,-3.958543,-1.06031,-0.8104303,-1.60445,-0.7675116,-0.8603831,-0.8451335,-0.8603831,-0.7959185,-0.8655184,-0.8603831,-0.8104303,-0.8451335,-0.8655184,6542,2605
Box Butte,31013,-4.605170186,-2.813410717,-6.214608098,-5.298317367,-6.907755279,-0.174353387,-6.214608098,-4.605170186,-4.605170186,-5.11599581,-6.907755279,-4.605170186,-4.605170186,-2.525728644,-2.813410717,-2.995732274,-2.525728644,-3.218875825,-2.525728644,-3.506557897,-2.407945609,-4.605170186,-4.605170186,-2.813410717,-3.575550769,-0.867500568,-0.544727175,-3.912023005,-0.527632742,-0.693147181,-0.713349888,-0.693147181,-0.693147181,-0.527632742,-0.597837001,-2.995732274,-0.544727175,-0.693147181,11308,4454
Box Butte,31013,-4.632541,-2.958115,-6.214608,-5.295987,-6.907755,-0.1992643,-6.214608,-6.907755,-6.907755,-5.088057,-6.907755,-6.907755,-6.907755,-6.907755,-6.907755,-6.907755,-6.907755,-6.907755,-6.907755,-6.907755,-6.907755,-6.907755,-6.907755,-6.907755,-3.942014,-0.8803534,-0.724122,-6.907755,-0.7125849,-0.7370991,-0.7331882,-0.7370991,-0.7202615,-0.7384061,-0.7370991,-0.724122,-0.7331882,-0.7384061,11308,4454
Sheridan,31161,-5.040579,-2.632479,-6.214608,-5.692842,-2.97593,-0.0177276,-6.214608,-6.907755,-6.907755,-4.780715,-6.214608,-2.292635,-2.292635,0.693647,-0.6911492,-2.292635,0.693647,0.9166906,0.693647,-2.513306,-2.292635,-2.796881,-1.60445,-6.907755,-4.059943,-1.595227,-0.6911492,-1.60445,-0.6911492,-0.6911492,-0.6911492,-0.6911492,-0.6911492,-0.6911492,-0.6911492,-0.6911492,-0.6911492,-0.6911492,5469,2490
Knox,31107,-5.809143,-3.963316,-6.214608,-5.675195,-2.97593,-0.0950872,-6.214608,-6.907755,-6.907755,-5.115996,-6.214608,-2.292635,-2.292635,-6.907755,-0.6911492,-2.292635,0.693647,-6.907755,-6.907755,-2.032558,-6.907755,-2.796881,-6.907755,-6.907755,-3.876549,-0.718693,-0.6911492,-1.60445,-0.6911492,-0.6911492,-0.6911492,-0.6911492,-0.6911492,-0.6911492,-0.6911492,-0.6911492,-0.6911492,-0.6911492,8701,3922
Sheridan,31161,-5.11599581,-2.525728644,-6.214608098,-5.80914299,-2.975929646,0,-6.214608098,-4.605170186,-4.605170186,-4.828313737,-6.214608098,-2.207274913,-2.207274913,0.732367894,-0.579818495,-1.897119985,0.732367894,0.932164081,0.732367894,-2.207274913,-1.660731207,-2.659260037,-1.560647748,-2.813410717,-3.649658741,-1.560647748,-0.510825624,-1.514127733,-0.510825624,-0.653926467,-0.673344553,-0.653926467,-0.673344553,-0.494296322,-0.562118918,-2.995732274,-0.510825624,-0.653926467,5469,2490
Knox,31107,-5.80914299,-3.506557897,-6.214608098,-5.80914299,-2.975929646,-0.072570693,-6.214608098,-4.605170186,-4.605170186,-5.11599581,-6.214608098,-2.207274913,-2.207274913,-2.525728644,-0.579818495,-1.897119985,0.732367894,-3.218875825,-2.525728644,-1.832581464,-2.407945609,-2.659260037,-4.605170186,-2.813410717,-3.506557897,-0.693147181,-0.510825624,-1.514127733,-0.510825624,-0.653926467,-0.673344553,-0.653926467,-0.673344553,-0.494296322,-0.562118918,-2.995732274,-0.510825624,-0.653926467,8701,3922
Custer,31041,-4.96184513,-1.560647748,-6.214608098,-5.521460918,-2.975929646,-1.427116356,-6.214608098,-4.605170186,-4.605170186,-5.11599581,-6.214608098,-2.207274913,-2.207274913,0.732367894,-0.579818495,-1.897119985,0.732367894,0.88376754,0.688134639,-2.207274913,-1.660731207,-2.659260037,-1.560647748,-2.813410717,-3.540459449,-0.776528789,-0.544727175,-1.514127733,-0.544727175,-0.713349888,-0.733969175,1.098612289,-0.713349888,-0.544727175,-0.616186139,-2.995732274,-0.562118918,-0.693147181,10939,4687
Custer,31041,-4.920109,-1.580284,-6.214608,-5.623355,-2.97593,-1.500584,-6.214608,-6.907755,-6.907755,-5.115996,-6.214608,-2.292635,-2.292635,0.693647,-0.6911492,-2.292635,0.693647,0.8654184,0.648934,-2.513306,-2.292635,-2.796881,-1.60445,-6.907755,-3.892518,-0.8010024,-0.7394767,-1.60445,-0.7224824,-0.7587044,-0.7528972,1.093478,-0.7337798,-0.7606477,-0.7587044,-0.7394767,-0.7528972,-0.7252948,10939,4687
Colfax,31037,-5.521460918,-1.560647748,-6.214608098,-5.80914299,-2.975929646,-0.916290732,-6.214608098,-4.605170186,-4.605170186,-5.11599581,-6.214608098,-2.207274913,-2.207274913,-2.525728644,-0.579818495,-1.897119985,0.732367894,-3.218875825,-2.525728644,-2.207274913,-2.407945609,-2.659260037,-4.605170186,-2.813410717,-3.506557897,-0.755022584,1.972691172,-1.514127733,-0.527632742,-0.693147181,-0.713349888,-0.693147181,-0.693147181,-0.527632742,-0.597837001,-2.995732274,-0.544727175,-0.693147181,10515,3216
Colfax,31037,-5.512501,-1.591271,-6.214608,-5.675681,-2.97593,-0.96934,-6.214608,-6.907755,-6.907755,-5.115996,-6.214608,-2.292635,-2.292635,-6.907755,-0.6911492,-2.292635,0.693647,-6.907755,-6.907755,-2.513306,-6.907755,-2.796881,-6.907755,-6.907755,-3.877768,-0.7644371,1.959218,-1.60445,-0.7101803,-0.731888,-0.728429,-0.731888,-0.7169846,-0.7330437,-0.731888,0.2954849,-0.728429,-0.7330437,10515,3216
Fillmore,31059,-5.502884,-2.529925,-6.214608,-5.43758,-2.97593,-1.065661,-6.214608,-6.907755,-6.907755,-4.810351,-6.214608,-2.292635,-2.292635,0.693647,-0.6911492,-2.292635,0.693647,0.9166906,0.693647,-2.513306,-2.292635,-2.796881,-1.60445,-6.907755,-3.937748,-0.8507111,-0.6911492,-1.60445,-0.6911492,-0.6911492,-0.6911492,-0.6911492,-0.6911492,-0.6911492,-0.6911492,-0.6911492,-0.6911492,-0.6911492,5890,2606
Fillmore,31059,-5.521460918,-2.407945609,-6.214608098,-5.521460918,-2.975929646,-1.021651248,-6.214608098,-4.605170186,-4.605170186,-4.828313737,-6.214608098,-2.207274913,-2.207274913,0.732367894,-0.579818495,-1.897119985,0.732367894,0.932164081,0.732367894,-2.207274913,-1.660731207,-2.659260037,-1.560647748,-2.813410717,-3.575550769,-0.820980552,-0.510825624,-1.514127733,-0.510825624,-0.653926467,-0.673344553,-0.653926467,-0.673344553,-0.494296322,-0.562118918,-2.995732274,-0.510825624,-0.653926467,5890,2606
Richardson,31147,-5.521460918,-3.218875825,-6.214608098,-5.80914299,-2.975929646,0.086177696,-6.214608098,-4.605170186,-4.605170186,-5.11599581,-6.214608098,-2.207274913,-2.207274913,0.732367894,-0.579818495,-1.897119985,0.732367894,0.932164081,0.732367894,-2.207274913,-1.660731207,-2.659260037,-1.560647748,-2.813410717,-3.540459449,-0.733969175,-0.510825624,-1.514127733,-0.510825624,-0.653926467,-0.673344553,-0.653926467,-0.673344553,-0.494296322,-0.562118918,-2.995732274,-0.510825624,-0.653926467,8363,3796
Richardson,31147,-5.528989,-3.37553,-6.214608,-5.82595,-2.97593,0.0699258,-6.214608,-6.907755,-6.907755,-5.115996,-6.199719,-2.292635,-2.292635,0.693647,-0.6911492,-2.292635,0.693647,0.9166906,0.693647,-2.513306,-2.292635,-2.796881,-1.60445,-6.907755,-3.895494,-0.758575,-0.6911492,-1.60445,-0.6911492,-0.6911492,-0.6911492,-0.6911492,-0.6911492,-0.6911492,-0.6911492,-0.6911492,-0.6911492,-0.6911492,8363,3796
Cedar,31027,-5.80914299,-3.506557897,-6.214608098,-5.80914299,-2.975929646,-0.061875404,-6.214608098,-4.605170186,-4.605170186,-5.11599581,-6.214608098,-2.207274913,-2.207274913,0.732367894,-0.579818495,-1.897119985,0.732367894,0.932164081,0.732367894,-2.207274913,-1.660731207,-2.659260037,-1.560647748,-2.813410717,-3.540459449,-0.733969175,-0.510825624,-1.514127733,-0.510825624,-0.653926467,-0.673344553,-0.653926467,-0.673344553,-0.494296322,-0.562118918,-2.995732274,-0.510825624,-0.653926467,8852,3711
Cedar,31027,-5.809143,-3.932226,-6.214608,-5.675195,-2.97593,-0.0819334,-6.214608,-6.907755,-6.907755,-5.065619,-6.214608,-2.292635,-2.292635,0.693647,-0.6911492,-2.292635,0.693647,0.9166906,0.693647,-2.513306,-2.292635,-2.796881,-1.60445,-6.907755,-3.897838,-0.7635697,-0.6911492,-1.60445,-0.6911492,-0.6911492,-0.6911492,-0.6911492,-0.6911492,-0.6911492,-0.6911492,-0.6911492,-0.6911492,-0.6911492,8852,3711
Dakota,31043,-5.521460918,-2.659260037,-6.214608098,-6.214608098,-2.975929646,-0.820980552,-6.214608098,-4.605170186,-4.605170186,-5.11599581,-6.214608098,-2.207274913,-2.207274913,0.732367894,-0.579818495,-1.897119985,0.732367894,0.932164081,0.732367894,-2.207274913,-1.660731207,-2.659260037,-1.560647748,-2.813410717,-3.506557897,-0.673344553,-0.510825624,-1.514127733,-0.510825624,-0.653926467,-0.673344553,-0.653926467,-0.673344553,-0.494296322,-0.562118918,-2.995732274,-0.510825624,-0.653926467,21006,5987
Dakota,31043,-5.476249,-2.85597,-6.214608,-6.123854,-2.97593,-0.87707,-6.214608,-6.907755,-6.907755,-5.115996,-6.214608,-2.292635,-2.292635,0.693647,-0.6911492,-2.292635,0.693647,0.9166906,0.693647,-2.513306,-2.292635,-2.796881,-1.60445,-6.907755,-3.863233,-0.6911492,-0.6911492,-1.60445,-0.6911492,-0.6911492,-0.6911492,-0.6911492,-0.6911492,-0.6911492,-0.6911492,-0.6911492,-0.6911492,-0.6911492,21006,5987
Cuming,31039,-5.809143,-1.371997,-6.214608,-6.214608,-2.97593,-0.5332173,-6.214608,-6.907755,-6.907755,-4.022954,-6.175387,-2.292635,-2.292635,0.693647,-0.6911492,-2.292635,0.693647,0.9166906,0.693647,-2.513306,-2.292635,-2.796881,-1.60445,-6.907755,-3.897838,-0.8524779,-0.7483579,-1.60445,-0.7281824,-0.7712632,-0.7643363,-0.3253839,-0.7415874,-0.7735828,-0.7712632,-0.7483579,-0.7643363,-0.7735828,9139,3749
Cuming,31039,-5.80914299,-1.347073648,-6.214608098,-6.214608098,-2.975929646,-0.494296322,-6.214608098,-4.605170186,-4.605170186,-4.017383521,-6.214608098,-2.207274913,-2.207274913,0.732367894,-0.579818495,-1.897119985,0.732367894,0.932164081,0.732367894,-2.207274913,-1.660731207,-2.659260037,-1.560647748,-2.813410717,-3.540459449,-0.820980552,-0.562118918,-1.514127733,-0.544727175,-0.733969175,-0.755022584,-0.301105093,-0.713349888,-0.562118918,-0.634878272,-2.995732274,-0.579818495,-0.733969175,9139,3749
Thayer,31169,-5.648584,-1.631343,-6.214608,-6.197259,-2.97593,-1.330544,-6.214608,-6.907755,-6.907755,-5.115996,-6.214608,-2.292635,-2.292635,0.693647,-0.6911492,-2.292635,0.693647,0.4061316,0.2631332,-1.65026,-2.292635,-2.796881,-1.60445,-6.907755,-3.920391,-0.8123062,-0.6911492,-1.60445,-0.6911492,-0.6911492,-0.6911492,-0.5516476,-0.6911492,-0.6911492,-0.6911492,-0.6911492,-0.6911492,-0.6911492,5228,2549
Thayer,31169,-5.521460918,-1.609437912,-6.214608098,-6.214608098,-2.975929646,-1.272965676,-6.214608098,-4.605170186,-4.605170186,-5.11599581,-6.214608098,-2.207274913,-2.207274913,0.732367894,-0.579818495,-1.897119985,0.732367894,0.431782416,0.322083499,-1.514127733,-1.660731207,-2.659260037,-1.560647748,-2.813410717,-3.540459449,-0.798507696,-0.510825624,-1.514127733,-0.510825624,-0.653926467,-0.673344553,-0.527632742,-0.673344553,-0.494296322,-0.562118918,-2.995732274,-0.510825624,-0.653926467,5228,2549
Jefferson,31095,-5.80914299,-1.609437912,-6.214608098,-5.80914299,-2.975929646,-0.186329578,-6.214608098,-4.605170186,-4.605170186,-5.11599581,-6.214608098,-2.207274913,-2.207274913,0.732367894,-0.579818495,-1.897119985,0.732367894,0.932164081,0.732367894,-1.897119985,-1.660731207,-2.659260037,-1.560647748,-2.813410717,-3.611918413,-1.021651248,-0.527632742,-1.514127733,-0.510825624,-0.673344553,-0.693147181,-0.673344553,-0.693147181,-0.510825624,-0.579818495,-2.995732274,-0.527632742,-0.673344553,7547,3431
Jefferson,31095,-5.792614,-1.65026,-6.214608,-5.950323,-2.97593,-0.2156715,-6.214608,-6.907755,-6.907755,-5.115996,-6.214608,-2.292635,-2.292635,0.693647,-0.6911492,-2.292635,0.693647,0.9166906,0.693647,-2.148434,-2.292635,-2.796881,-1.60445,-6.907755,-4.009479,-1.047761,-0.7056697,-1.60445,-0.7006195,-0.7113112,-0.7096153,-0.7113112,-0.7039835,-0.711877,-0.7113112,-0.7056697,-0.7096153,-0.711877,7547,3431
Red Willow,31145,-4.665982,-2.5659,-6.214608,-6.214608,-2.97593,-0.3271161,-6.214608,-6.907755,-6.907755,-4.512591,-6.214608,-2.292635,-2.292635,-6.907755,-0.6911492,-2.292635,0.693647,-6.907755,-6.907755,-2.513306,-6.907755,-2.796881,-6.907755,-6.907755,-3.924602,-0.8215489,-0.6911492,-1.60445,-0.6911492,-0.6911492,-0.6911492,-0.6911492,-0.6911492,-0.6911492,-0.6911492,-0.6911492,-0.6911492,-0.6911492,11055,4338
Red Willow,31145,-4.710530702,-2.407945609,-6.214608098,-6.214608098,-2.975929646,-0.301105093,-6.214608098,-4.605170186,-4.605170186,-4.509860006,-6.214608098,-2.207274913,-2.207274913,-2.525728644,-0.579818495,-1.897119985,0.732367894,-3.218875825,-2.525728644,-2.207274913,-2.407945609,-2.659260037,-4.605170186,-2.813410717,-3.540459449,-0.798507696,-0.510825624,-1.514127733,-0.510825624,-0.653926467,-0.673344553,-0.653926467,-0.673344553,-0.494296322,-0.562118918,-2.995732274,-0.510825624,-0.653926467,11055,4338
Washington,31177,-5.80914299,-3.218875825,-6.214608098,-5.298317367,-2.975929646,-0.174353387,-6.214608098,-4.605170186,-4.605170186,-5.11599581,-6.214608098,-2.207274913,-2.207274913,0.732367894,-0.579818495,-1.897119985,0.732367894,0.431782416,0.322083499,-0.342490309,-1.660731207,-2.659260037,-1.560647748,-2.813410717,-3.506557897,-0.673344553,-0.46203546,-1.514127733,-0.510825624,-0.653926467,-0.673344553,-0.653926467,-0.673344553,-0.494296322,-0.562118918,-2.995732274,-0.510825624,-0.653926467,20234,7246
Holt,31089,-5.181275,-2.057582,-6.214608,-5.657854,-2.97593,-0.8815874,-6.214608,-6.907755,-6.907755,-5.115996,-6.214608,-2.292635,-2.292635,-6.907755,-0.6911492,-2.292635,0.693647,-6.907755,-6.907755,-2.36446,-6.907755,-2.796881,-6.907755,-6.907755,-3.914109,-0.7986003,1.802425,-1.60445,-0.6911492,-0.6911492,-0.6911492,-0.6911492,-0.6911492,-0.5516476,-0.6911492,1.065055,-0.6911492,-0.6911492,10435,4532
Washington,31177,-5.809143,-3.348131,-6.214608,-5.238163,-2.97593,-0.1988285,-6.214608,-6.907755,-6.907755,-5.115996,-6.214608,-2.292635,-2.292635,0.693647,-0.6911492,-2.292635,0.693647,0.4061316,0.2631332,-0.384193,-2.292635,-2.796881,-1.60445,-6.907755,-3.863233,-0.6911492,-0.6392905,-1.60445,-0.6911492,-0.6911492,-0.6911492,-0.6911492,-0.6911492,-0.6911492,-0.6911492,-0.6911492,-0.6911492,-0.6911492,20234,7246
Holt,31089,-5.11599581,-1.966112856,-6.214608098,-5.80914299,-2.975929646,-0.84397007,-6.214608098,-4.605170186,-4.605170186,-5.11599581,-6.214608098,-2.207274913,-2.207274913,-2.525728644,-0.579818495,-1.897119985,0.732367894,-3.218875825,-2.525728644,-2.120263536,-2.407945609,-2.659260037,-4.605170186,-2.813410717,-3.540459449,-0.776528789,1.818076778,-1.514127733,-0.510825624,-0.653926467,-0.673344553,-0.653926467,-0.673344553,-0.385662481,-0.562118918,-2.995732274,-0.510825624,-0.653926467,10435,4532
Dawson,31047,-4.92148,-2.598327,-6.214608,-5.548704,-2.97593,-0.9044857,-6.214608,-6.907755,-6.907755,-4.928307,-6.214608,-2.292635,-2.292635,0.693647,-0.6911492,-2.292635,0.693647,0.8828029,0.6640616,-2.312299,-2.292635,-2.796881,-1.60445,-6.907755,-3.903406,-0.806079,-0.7152224,-1.60445,-0.7068236,-0.7246379,-0.7218039,-0.7246379,-0.712415,-0.7255843,-0.7246379,-0.7152224,-0.7218039,-0.7255843,24326,7882
Dawson,31047,-4.96184513,-2.525728644,-6.214608098,-5.521460918,-2.975929646,-0.867500568,-6.214608098,-4.605170186,-4.605170186,-4.96184513,-6.214608098,-2.207274913,-2.207274913,0.732367894,-0.579818495,-1.897119985,0.732367894,0.90016135,0.703097511,-2.040220829,-1.660731207,-2.659260037,-1.560647748,-2.813410717,-3.540459449,-0.776528789,-0.527632742,-1.514127733,-0.527632742,-0.693147181,-0.713349888,-0.693147181,-0.693147181,-0.527632742,-0.597837001,-2.995732274,-0.544727175,-0.693147181,24326,7882
Seward,31159,-4.828313737,-1.660731207,-6.214608098,-5.80914299,-2.975929646,-0.430782916,-6.214608098,-4.605170186,-4.605170186,-3.170085661,-6.214608098,-2.207274913,-2.207274913,-2.525728644,-0.579818495,-1.897119985,0.732367894,-3.218875825,-2.525728644,-2.207274913,-2.407945609,-2.659260037,-4.605170186,-2.813410717,-3.506557897,-0.713349888,-0.510825624,-1.514127733,-0.510825624,-0.653926467,-0.673344553,-0.653926467,-0.673344553,-0.494296322,-0.562118918,-2.995732274,-0.510825624,-0.653926467,16750,5822
Seward,31159,-4.807286,-1.720369,-6.214608,-5.701785,-2.97593,-0.4670746,-6.214608,-6.907755,-6.907755,-3.162968,-6.214608,-2.292635,-2.292635,-6.907755,-0.6911492,-2.292635,0.693647,-6.907755,-6.907755,-2.513306,-6.907755,-2.796881,-6.907755,-6.907755,-3.883274,-0.7327546,-0.6911492,-1.60445,-0.6911492,-0.6911492,-0.6911492,-0.6911492,-0.6911492,-0.6911492,-0.6911492,-0.6911492,-0.6911492,-0.6911492,16750,5822
Cass,31025,-4.828313737,-1.714798428,-6.214608098,-5.521460918,-2.975929646,-0.798507696,-6.214608098,-4.605170186,-4.605170186,-5.11599581,-6.214608098,-2.207274913,-2.207274913,0.732367894,-0.579818495,-1.897119985,0.732367894,0.932164081,0.732367894,-0.261364764,-1.660731207,-2.659260037,-1.560647748,-2.813410717,-3.540459449,-0.798507696,-0.562118918,-1.514127733,-0.544727175,-0.733969175,-0.733969175,-0.733969175,-0.713349888,-0.562118918,-0.634878272,-2.995732274,-0.562118918,-0.733969175,25241,9140
Cass,31025,-4.866535,-1.767799,-6.214608,-5.523685,-2.97593,-0.8351497,-6.214608,-6.907755,-6.907755,-5.115996,-6.214608,-2.292635,-2.292635,0.693647,-0.6911492,-2.292635,0.693647,0.9166906,0.693647,-0.3065252,-2.292635,-2.796881,-1.60445,-6.907755,-3.907488,-0.8282036,-0.7444405,-1.60445,-0.7256704,-0.7657179,-0.759287,-0.7657179,-0.7381445,-0.7678707,-0.7657179,-0.7444405,-0.759287,-0.7678707,25241,9140
Saline,31151,-5.498905,-2.380682,-6.214608,-5.238163,-2.97593,-1.357707,-6.214608,-6.907755,-6.907755,-4.848197,-6.214608,-6.907755,-6.907755,0.693647,-6.907755,-6.907755,-6.907755,0.9166906,0.693647,-6.907755,-2.292635,-6.907755,-1.60445,-6.907755,-3.88617,-0.7785552,-0.7239446,-6.907755,-0.7124702,-0.7368503,-0.7329611,-0.7368503,0.843254,-0.7381501,-0.7368503,-0.7239446,-0.7329611,-0.7381501,14200,4620
Saline,31151,-5.521460918,-2.302585093,-6.214608098,-5.298317367,-2.975929646,-1.272965676,-6.214608098,-4.605170186,-4.605170186,-4.828313737,-6.214608098,-4.605170186,-4.605170186,0.732367894,-2.813410717,-2.995732274,-2.525728644,0.932164081,0.732367894,-3.506557897,-1.660731207,-4.605170186,-1.560647748,-2.813410717,-3.506557897,-0.755022584,-0.544727175,-3.912023005,-0.527632742,-0.693147181,-0.713349888,-0.693147181,0.845868268,-0.527632742,-0.597837001,-2.995732274,-0.544727175,-0.693147181,14200,4620
York,31185,-5.324661,-1.790693,-6.214608,-5.838866,-2.97593,-1.238258,-6.214608,-6.907755,-6.907755,-4.801794,-6.214608,-2.292635,-2.292635,0.693647,-0.6911492,-2.292635,1.177423,0.693647,0.5013812,-1.680923,-2.292635,-2.796881,-1.60445,-6.907755,-3.946847,-0.8711742,-0.6911492,-1.60445,-0.6911492,-0.6911492,-0.6911492,-0.6911492,-0.6911492,-0.6911492,-0.6911492,-0.6911492,-0.6911492,-0.6911492,13665,5408
York,31185,-5.298317367,-1.714798428,-6.214608098,-5.80914299,-2.975929646,-1.171182982,-6.214608098,-4.605170186,-4.605170186,-4.828313737,-6.214608098,-2.207274913,-2.207274913,0.732367894,-0.579818495,-1.897119985,1.202972304,0.712949808,0.548121409,-1.514127733,-1.660731207,-2.659260037,-1.560647748,-2.813410717,-3.575550769,-0.84397007,-0.510825624,-1.514127733,-0.510825624,-0.653926467,-0.673344553,-0.653926467,-0.673344553,-0.494296322,-0.562118918,-2.995732274,-0.510825624,-0.653926467,13665,5408
Saunders,31155,-5.420132,-1.94156,-6.214608,-4.909998,-2.97593,-0.6853443,-6.214608,-6.907755,-6.907755,-4.978319,-6.214608,-2.292635,-2.292635,0.693647,-0.6911492,-2.292635,0.693647,0.9166906,0.693647,-1.092133,-2.292635,-2.796881,-1.60445,-6.907755,-3.909645,-0.7889242,-0.6911492,-1.60445,-0.6911492,0.4706284,-0.6911492,-0.6911492,-0.6911492,-0.6911492,-0.4292457,-0.6911492,-0.6911492,-0.2863496,20780,7604
Saunders,31155,-5.521460918,-1.897119985,-6.214608098,-4.96184513,-2.975929646,-0.653926467,-6.214608098,-4.605170186,-4.605170186,-4.96184513,-6.214608098,-2.207274913,-2.207274913,0.732367894,-0.579818495,-1.897119985,0.732367894,0.932164081,0.732367894,-1.021651248,-1.660731207,-2.659260037,-1.560647748,-2.813410717,-3.540459449,-0.776528789,-0.510825624,-1.514127733,-0.510825624,0.482426149,-0.673344553,-0.653926467,-0.673344553,-0.494296322,-0.328504067,-2.995732274,-0.510825624,-0.261364764,20780,7604
Otoe,31131,-5.434137,-2.447611,-6.214608,-6.214608,-2.97593,-0.2721837,-6.214608,-6.907755,-6.907755,-5.115996,-6.214608,-6.907755,-6.907755,-6.907755,-6.907755,-6.907755,-6.907755,-6.907755,-6.907755,-6.907755,-6.907755,-6.907755,-6.907755,-6.907755,-3.863233,-0.7384061,-0.724122,-6.907755,-0.7125849,-0.7370991,-0.7331882,-0.7370991,-0.7202615,-0.7384061,-0.7370991,-0.724122,-0.7331882,-0.7384061,15740,6269
Otoe,31131,-5.521460918,-2.302585093,-6.214608098,-6.214608098,-2.975929646,-0.248461359,-6.214608098,-4.605170186,-4.605170186,-5.11599581,-6.214608098,-4.605170186,-4.605170186,-2.525728644,-2.813410717,-2.995732274,-2.525728644,-3.218875825,-2.525728644,-3.506557897,-2.407945609,-4.605170186,-4.605170186,-2.813410717,-3.506557897,-0.713349888,-0.544727175,-3.912023005,-0.527632742,-0.693147181,-0.713349888,-0.693147181,-0.693147181,-0.527632742,-0.597837001,-2.995732274,-0.544727175,-0.693147181,15740,6269
Adams,31001,-6.907755279,-4.605170186,-6.907755279,-6.907755279,-2.975929646,-0.127833372,-6.907755279,-4.605170186,-4.605170186,-6.907755279,-6.214608098,-4.605170186,-4.605170186,-2.525728644,-2.813410717,-2.995732274,-2.525728644,-3.218875825,-2.525728644,-3.506557897,-2.407945609,-4.605170186,-4.605170186,-2.813410717,-3.506557897,-0.776528789,-0.562118918,-3.912023005,-0.544727175,-0.733969175,-0.755022584,-0.733969175,-0.733969175,-0.579818495,-0.634878272,-2.995732274,-0.579818495,-0.755022584,31364,10987
Adams,31001,-5.691023,-1.739167,-6.214608,-5.769032,-2.97593,-0.5214373,-6.214608,-6.907755,-6.907755,-4.776591,-6.214608,-2.292635,-2.292635,0.693647,-0.6911492,-2.292635,0.693647,0.693647,0.5013812,-1.877317,-2.292635,-2.796881,-1.60445,-6.907755,-3.886078,-0.7478747,-0.7040995,-1.60445,-0.6995977,-0.7091254,-0.707615,-0.7091254,-0.7025967,-0.7096294,-0.7091254,-0.7040995,-0.707615,-0.7096294,31364,10987
Platte,31141,-4.917145,-1.318013,-6.214608,-6.050684,-2.97593,-0.4457664,-6.214608,-6.907755,-6.907755,-4.794517,-6.214608,-2.292635,-2.292635,-6.907755,-0.6911492,-2.292635,0.693647,-6.907755,-6.907755,-2.513306,-6.907755,-2.796881,-6.907755,-6.907755,-3.863233,-0.702941,-0.6994208,-1.60445,-0.3715699,-0.7026205,-0.7016595,0.1531706,-0.5279268,-0.702941,-0.3451094,-0.6994208,-0.7016595,-0.0019384,32237,11197
Platte,31141,-4.96184513,-1.272965676,-6.214608098,-6.214608098,-2.975929646,-0.415515444,-6.214608098,-4.605170186,-4.605170186,-4.828313737,-6.214608098,-2.207274913,-2.207274913,-2.525728644,-0.579818495,-1.897119985,0.732367894,-3.218875825,-2.525728644,-2.207274913,-2.407945609,-2.659260037,-4.605170186,-2.813410717,-3.506557897,-0.693147181,-0.510825624,-1.514127733,-0.235722334,-0.673344553,-0.693147181,0.165514438,-0.510825624,-0.510825624,-0.248461359,-2.995732274,-0.527632742,0.019802627,32237,11197
Lincoln,31111,-5.521460918,-2.040220829,-6.214608098,-5.80914299,-2.975929646,-0.733969175,-6.214608098,-4.605170186,-4.605170186,-4.828313737,-6.214608098,-2.207274913,-2.207274913,0.732367894,-0.579818495,-1.897119985,0.732367894,0.88376754,0.688134639,-1.832581464,-1.660731207,-2.659260037,-1.560647748,-2.813410717,-3.540459449,-0.776528789,-0.510825624,-1.514127733,-0.510825624,-0.653926467,-0.673344553,-0.430782916,-0.673344553,-0.494296322,-0.562118918,-2.995732274,-0.510825624,-0.653926467,36288,13248
Lincoln,31111,-5.505957,-2.079251,-6.214608,-5.734407,-2.97593,-0.7717782,-6.214608,-6.907755,-6.907755,-4.830503,-6.214608,-2.292635,-2.292635,0.693647,-0.6911492,-2.292635,0.693647,0.8654184,0.648934,-2.049106,-2.292635,-2.796881,-1.60445,-6.907755,-3.915141,-0.8008466,-0.6911492,-1.60445,-0.6911492,-0.6911492,-0.6911492,-0.4604494,-0.6911492,-0.6911492,-0.6911492,-0.6911492,-0.6911492,-0.6911492,36288,13248
Gage,31067,-5.80914299,-1.832581464,-6.214608098,-6.214608098,-2.975929646,-0.162518929,-6.214608098,-4.605170186,-4.605170186,-4.96184513,-6.214608098,-2.207274913,-2.207274913,0.732367894,-0.415515444,-1.897119985,0.732367894,0.932164081,0.732367894,-2.040220829,-1.660731207,-2.659260037,-1.560647748,-2.813410717,-3.575550769,-0.84397007,-0.510825624,-1.514127733,-0.510825624,-0.653926467,-0.673344553,-0.653926467,-0.673344553,-0.494296322,-0.562118918,-2.995732274,-0.510825624,-0.653926467,22311,9061
Gage,31067,-5.762472,-1.88717,-6.214608,-6.214608,-2.97593,-0.1855076,-6.214608,-6.907755,-6.907755,-5.02829,-6.214608,-2.292635,-2.292635,0.693647,-0.5091603,-2.292635,0.693647,0.9166906,0.693647,-2.292635,-2.292635,-2.796881,-1.60445,-6.907755,-3.945925,-0.8690891,-0.6911492,-1.60445,-0.6911492,-0.6911492,-0.6911492,-0.6911492,-0.6911492,-0.6911492,-0.6911492,-0.6911492,-0.6911492,-0.6911492,22311,9061
Buffalo,31019,-5.298317367,-2.040220829,-6.214608098,-5.80914299,-2.975929646,-1.171182982,-6.214608098,-4.605170186,-4.605170186,-4.710530702,-6.214608098,-2.207274913,-2.207274913,0.732367894,-0.579818495,-1.897119985,1.609437912,0.712949808,0.548121409,-1.966112856,-1.660731207,-2.659260037,-1.560647748,-2.813410717,-3.540459449,-0.820980552,-0.527632742,-1.287354413,-0.527632742,-0.673344553,-0.693147181,-0.673344553,-0.46203546,-0.510825624,-0.579818495,-2.995732274,-0.527632742,-0.673344553,46102,13536
Buffalo,31019,-5.236047,-2.082045,-6.214608,-5.68251,-2.97593,-1.225878,-6.214608,-6.907755,-6.907755,-4.733856,-6.214608,-2.292635,-2.292635,0.693647,-0.6911492,-2.292635,1.594274,0.693647,0.5013812,-2.233059,-2.292635,-2.796881,-1.60445,-6.907755,-3.915601,-0.8317527,-0.7098575,-1.360627,-0.7033418,-0.7171472,-0.7149547,-0.7171472,-0.4749874,-0.7178791,-0.7171472,-0.7098575,-0.7149547,-0.7178791,46102,13536
Scotts Bluff,31157,-4.422848629,-2.525728644,-6.214608098,-5.80914299,-2.975929646,-0.579818495,-6.214608098,0.476234179,-3.506557897,-4.96184513,-6.214608098,-2.207274913,-2.207274913,0.732367894,-0.579818495,-1.897119985,0.732367894,0.712949808,0.548121409,-2.207274913,-1.660731207,-2.659260037,-1.560647748,-2.813410717,-3.575550769,-0.916290732,-0.562118918,-1.514127733,-0.544727175,-0.494296322,-0.755022584,-0.733969175,-0.733969175,-0.562118918,-0.634878272,-2.995732274,-0.579818495,-0.733969175,36970,13640
Scotts Bluff,31157,-4.453727,-2.579877,-6.214608,-5.826035,-2.97593,-0.6075813,-6.214608,0.4706284,-3.863233,-5.029213,-6.214608,-2.292635,-2.292635,0.693647,-0.6911492,-2.292635,0.693647,0.693647,0.5013812,-2.513306,-2.292635,-2.796881,-1.60445,-6.907755,-3.95894,-0.9505516,-0.7541469,-1.60445,-0.731888,-0.5196141,-0.7718085,-0.7794743,-0.7466721,-0.7820427,-0.7794743,-0.7541469,-0.7718085,-0.7820427,36970,13640
McPherson,31117,-6.907755279,-4.605170186,-6.907755279,-6.907755279,-6.907755279,-3.912023005,-6.907755279,-4.605170186,-4.605170186,-6.907755279,-6.907755279,-4.605170186,-4.605170186,-2.525728644,-2.813410717,-2.995732274,-2.525728644,-3.218875825,-2.525728644,-3.506557897,-2.407945609,-4.605170186,-4.605170186,-2.813410717,-3.506557897,-0.673344553,-0.510825624,-3.912023005,-0.510825624,-0.653926467,-0.673344553,-0.653926467,-0.673344553,-0.494296322,-0.562118918,-2.995732274,-0.510825624,-0.653926467,34876,213
McPherson,31117,-6.907755,-6.907755,-6.907755,-6.907755,-6.907755,-6.907755,-6.907755,-6.907755,-6.907755,-6.907755,-6.907755,-6.907755,-6.907755,-6.907755,-6.907755,-6.907755,-6.907755,-6.907755,-6.907755,-6.907755,-6.907755,-6.907755,-6.907755,-6.907755,-3.863233,-0.6911492,-0.6911492,-6.907755,-0.6911492,-0.6911492,-0.6911492,-0.6911492,-0.6911492,-0.6911492,-0.6911492,-0.6911492,-0.6911492,-0.6911492,34876,213
Hall,31079,-5.298317367,-2.813410717,-6.214608098,-5.11599581,-2.975929646,-0.967584026,-6.214608098,-4.605170186,-4.605170186,-5.11599581,-6.214608098,-2.207274913,-2.207274913,0.732367894,-0.579818495,-1.897119985,0.732367894,0.932164081,0.732367894,-1.832581464,-1.660731207,-2.659260037,-1.560647748,-2.813410717,-3.540459449,-0.820980552,-0.544727175,-1.514127733,-0.544727175,-0.713349888,-0.733969175,-0.713349888,-0.562118918,1.278152203,-0.400477567,-2.995732274,-0.562118918,-0.693147181,58607,18546
Hall,31079,-5.340964,-2.910341,-6.214608,-5.15076,-2.97593,-1.03082,-6.214608,-6.907755,-6.907755,-5.074774,-6.214608,-2.292635,-2.292635,0.693647,-0.6911492,-2.292635,0.693647,0.9166906,0.693647,-2.04691,-2.292635,-2.796881,-1.60445,-6.907755,-3.902806,-0.8481995,-0.738377,-1.60445,-0.7217753,-0.7571525,-0.7514828,-0.7571525,-0.5708452,1.24834,-0.5085663,-0.738377,-0.7514828,-0.7245232,58607,18546
Dodge,31053,-5.018038,-1.930591,-6.214608,-5.996477,-2.97593,-0.3192874,-6.214608,-6.907755,-6.907755,-4.92848,-6.214608,-2.292635,-2.292635,0.693647,-0.6911492,-2.292635,0.693647,0.9166906,0.693647,-2.179925,-2.292635,-2.796881,-1.60445,-6.907755,-3.878226,-0.9532681,-0.8426144,-1.60445,-0.7875494,-0.9075788,-0.8876426,-0.9075788,-0.8239205,-0.9143135,-0.9075788,-0.8426144,-0.8876426,-1.242699,36691,13709
Dodge,31053,-4.96184513,-1.897119985,-6.214608098,-6.214608098,-2.975929646,-0.287682072,-6.214608098,-4.605170186,-4.605170186,-4.96184513,-6.214608098,-2.207274913,-2.207274913,0.732367894,-0.579818495,-1.897119985,0.732367894,0.932164081,0.732367894,-1.966112856,-1.660731207,-2.659260037,-1.560647748,-2.813410717,-3.506557897,-0.94160854,-0.634878272,-1.514127733,-0.597837001,-0.867500568,-0.867500568,-0.867500568,-0.798507696,-0.673344553,-0.755022584,-2.995732274,-0.673344553,-1.171182982,36691,13709
Sarpy,31153,-5.298317367,-1.966112856,-6.214608098,-5.521460918,-2.975929646,-0.301105093,-6.214608098,-4.605170186,-4.605170186,-4.96184513,-6.214608098,-2.207274913,-2.207274913,0.732367894,-0.579818495,-1.897119985,0.732367894,0.932164081,0.732367894,-1.560647748,-1.660731207,-2.659260037,-1.560647748,-2.813410717,-3.611918413,-0.967584026,-0.510825624,-1.514127733,-0.510825624,-0.653926467,-0.673344553,-0.653926467,-0.673344553,-0.494296322,-0.562118918,-2.995732274,-0.510825624,-0.653926467,158840,39594
Sarpy,31153,-5.218583,-2.014497,-6.214608,-5.544715,-2.97593,-0.3293377,-6.214608,-6.907755,-6.907755,-5.027146,-6.214608,-2.292635,-2.292635,0.693647,-0.6911492,-2.292635,0.693647,0.9166906,0.693647,-1.725972,-2.292635,-2.796881,-1.60445,-6.907755,-3.99644,-0.9870709,-0.6911492,-1.60445,-0.6911492,-0.6911492,-0.6911492,-0.6911492,-0.6911492,-0.6911492,-0.6911492,-0.6911492,-0.6911492,-0.6911492,158840,39594
Lancaster,31109,-5.298317367,-1.966112856,-6.214608098,-5.11599581,-2.975929646,-0.494296322,-6.214608098,-1.832581464,-3.506557897,-4.96184513,-6.214608098,-2.207274913,-2.207274913,0.732367894,-0.579818495,-1.897119985,0.732367894,0.90016135,0.703097511,-2.040220829,-1.660731207,-2.659260037,-1.560647748,-2.813410717,-3.540459449,-0.94160854,-0.579818495,-1.514127733,-0.544727175,-0.755022584,-0.776528789,-0.755022584,-0.733969175,-0.579818495,-0.653926467,-2.995732274,-0.597837001,-0.755022584,285407,81115
Lancaster,31109,-5.233935,-2.028036,-6.214608,-5.199076,-2.97593,-0.5336232,-6.214608,-1.890475,-3.863233,-4.934021,-6.214608,-2.292635,-2.292635,0.693647,-0.6911492,-2.292635,0.693647,0.8828029,0.6640616,-2.246914,-2.292635,-2.796881,-1.60445,-6.907755,-3.935206,-0.9618362,-0.7691801,-1.60445,-0.7414749,-0.8008915,-0.791272,-0.8008915,-0.7598595,-0.8041186,-0.8008915,-0.7691801,-0.791272,-0.8041186,285407,81115
Douglas,31055,-5.492172,-2.001617,-6.214608,-5.169844,-2.97593,-0.4849142,-6.214608,-6.907755,-6.907755,-5.09293,-6.214608,-2.292635,-2.292635,-6.907755,-0.6787513,-2.292635,0.693647,-6.907755,-6.907755,-1.646134,-6.907755,-2.796881,-6.907755,-6.907755,-3.920079,-0.8870426,-0.7456747,-1.60445,-0.7264622,-0.767464,-0.7608772,-0.5200098,-0.7392294,-0.7696692,-0.767464,-0.7456747,-0.7608772,-0.7696692,517110,145392
Douglas,31055,-5.521460918,-1.966112856,-6.214608098,-5.11599581,-2.975929646,-0.46203546,-6.214608098,-4.605170186,-4.605170186,-5.11599581,-6.214608098,-2.207274913,-2.207274913,-2.525728644,-0.562118918,-1.897119985,0.732367894,-3.218875825,-2.525728644,-1.514127733,-2.407945609,-2.659260037,-4.605170186,-2.813410717,-3.540459449,-0.867500568,-0.562118918,-1.514127733,-0.544727175,-0.733969175,-0.733969175,-0.494296322,-0.713349888,-0.562118918,-0.634878272,-2.995732274,-0.562118918,-0.733969175,517110,145392